window_id,zone_id,n_valid,n_detected,detection_rate,label,top_type,temperature_c,humidity_pct,wind_speed,wind_from_deg,rain_1h_mm,weather_basis,window_start,prev_rate,prev_label
W-20260618-0730,U01,7,2,0.2857142857142857,0,기타,19.9,82,1.1,202.5,0.0,synthetic_climatology,2026-06-18 07:30:00,,
W-20260618-0730,U02,7,0,0.0,0,,19.9,82,1.1,202.5,0.0,synthetic_climatology,2026-06-18 07:30:00,,
W-20260618-0730,U03,6,1,0.16666666666666666,0,하수계 추정,19.9,82,1.1,202.5,0.0,synthetic_climatology,2026-06-18 07:30:00,,
W-20260618-1230,U01,6,0,0.0,0,,26.7,47,2.9,225.0,0.0,synthetic_climatology,2026-06-18 12:30:00,0.2857142857142857,0.0
W-20260618-1230,U02,7,0,0.0,0,,26.7,47,2.9,225.0,0.0,synthetic_climatology,2026-06-18 12:30:00,0.0,0.0
W-20260618-1230,U03,5,0,0.0,0,,26.7,47,2.9,225.0,0.0,synthetic_climatology,2026-06-18 12:30:00,0.16666666666666666,0.0
W-20260618-1830,U01,7,0,0.0,0,,23.4,74,2.2,180.0,0.0,synthetic_climatology,2026-06-18 18:30:00,0.0,0.0
W-20260618-1830,U02,5,0,0.0,0,,23.4,74,2.2,180.0,0.0,synthetic_climatology,2026-06-18 18:30:00,0.0,0.0
W-20260618-1830,U03,6,0,0.0,0,,23.4,74,2.2,180.0,0.0,synthetic_climatology,2026-06-18 18:30:00,0.0,0.0
W-20260618-2200,U01,7,0,0.0,0,,21.0,80,0.7,0.0,0.0,synthetic_climatology,2026-06-18 22:00:00,0.0,0.0
W-20260618-2200,U02,7,0,0.0,0,,21.0,80,0.7,0.0,0.0,synthetic_climatology,2026-06-18 22:00:00,0.0,0.0
W-20260618-2200,U03,6,0,0.0,0,,21.0,80,0.7,0.0,0.0,synthetic_climatology,2026-06-18 22:00:00,0.0,0.0
W-20260619-0730,U01,7,0,0.0,0,,14.2,100,0.5,180.0,0.5,synthetic_climatology,2026-06-19 07:30:00,0.0,0.0
W-20260619-0730,U02,7,1,0.14285714285714285,0,구분 어려움,14.2,100,0.5,180.0,0.5,synthetic_climatology,2026-06-19 07:30:00,0.0,0.0
W-20260619-0730,U03,5,2,0.4,0,축산계 추정,14.2,100,0.5,180.0,0.5,synthetic_climatology,2026-06-19 07:30:00,0.0,0.0
W-20260619-1230,U01,6,0,0.0,0,,20.6,77,6.4,157.5,1.5,synthetic_climatology,2026-06-19 12:30:00,0.0,0.0
W-20260619-1230,U02,7,0,0.0,0,,20.6,77,6.4,157.5,1.5,synthetic_climatology,2026-06-19 12:30:00,0.14285714285714285,0.0
W-20260619-1230,U03,5,0,0.0,0,,20.6,77,6.4,157.5,1.5,synthetic_climatology,2026-06-19 12:30:00,0.4,0.0
W-20260619-1830,U01,6,0,0.0,0,,18.1,92,1.9,270.0,0.0,synthetic_climatology,2026-06-19 18:30:00,0.0,0.0
W-20260619-1830,U02,7,1,0.14285714285714285,0,축산계 추정,18.1,92,1.9,270.0,0.0,synthetic_climatology,2026-06-19 18:30:00,0.0,0.0
W-20260619-1830,U03,6,0,0.0,0,,18.1,92,1.9,270.0,0.0,synthetic_climatology,2026-06-19 18:30:00,0.0,0.0
W-20260619-2200,U01,7,3,0.42857142857142855,0,하수계 추정,15.3,100,1.6,135.0,0.0,synthetic_climatology,2026-06-19 22:00:00,0.0,0.0
W-20260619-2200,U02,7,2,0.2857142857142857,0,하수계 추정,15.3,100,1.6,135.0,0.0,synthetic_climatology,2026-06-19 22:00:00,0.14285714285714285,0.0
W-20260619-2200,U03,6,1,0.16666666666666666,0,하수계 추정,15.3,100,1.6,135.0,0.0,synthetic_climatology,2026-06-19 22:00:00,0.0,0.0
W-20260620-0730,U01,7,0,0.0,0,,12.8,85,1.9,157.5,0.0,synthetic_climatology,2026-06-20 07:30:00,0.42857142857142855,0.0
W-20260620-0730,U02,6,0,0.0,0,,12.8,85,1.9,157.5,0.0,synthetic_climatology,2026-06-20 07:30:00,0.2857142857142857,0.0
W-20260620-0730,U03,6,1,0.16666666666666666,0,하수계 추정,12.8,85,1.9,157.5,0.0,synthetic_climatology,2026-06-20 07:30:00,0.16666666666666666,0.0
W-20260620-1230,U01,7,0,0.0,0,,22.0,57,1.4,202.5,0.0,synthetic_climatology,2026-06-20 12:30:00,0.0,0.0
W-20260620-1230,U02,7,0,0.0,0,,22.0,57,1.4,202.5,0.0,synthetic_climatology,2026-06-20 12:30:00,0.0,0.0
W-20260620-1230,U03,5,0,0.0,0,,22.0,57,1.4,202.5,0.0,synthetic_climatology,2026-06-20 12:30:00,0.16666666666666666,0.0
W-20260620-1830,U01,7,4,0.5714285714285714,1,축산계 추정,18.0,67,2.6,225.0,0.0,synthetic_climatology,2026-06-20 18:30:00,0.0,0.0
W-20260620-1830,U02,7,2,0.2857142857142857,0,축산계 추정,18.0,67,2.6,225.0,0.0,synthetic_climatology,2026-06-20 18:30:00,0.0,0.0
W-20260620-1830,U03,5,1,0.2,0,하수계 추정,18.0,67,2.6,225.0,0.0,synthetic_climatology,2026-06-20 18:30:00,0.0,0.0
W-20260620-2200,U01,7,2,0.2857142857142857,0,하수계 추정,14.7,72,0.9,135.0,0.0,synthetic_climatology,2026-06-20 22:00:00,0.5714285714285714,1.0
W-20260620-2200,U02,7,0,0.0,0,,14.7,72,0.9,135.0,0.0,synthetic_climatology,2026-06-20 22:00:00,0.2857142857142857,0.0
W-20260620-2200,U03,6,2,0.3333333333333333,0,구분 어려움,14.7,72,0.9,135.0,0.0,synthetic_climatology,2026-06-20 22:00:00,0.2,0.0
W-20260621-0730,U01,6,0,0.0,0,,17.3,80,1.6,202.5,0.0,synthetic_climatology,2026-06-21 07:30:00,0.2857142857142857,0.0
W-20260621-0730,U02,6,0,0.0,0,,17.3,80,1.6,202.5,0.0,synthetic_climatology,2026-06-21 07:30:00,0.0,0.0
W-20260621-0730,U03,6,0,0.0,0,,17.3,80,1.6,202.5,0.0,synthetic_climatology,2026-06-21 07:30:00,0.3333333333333333,0.0
W-20260621-1230,U01,7,0,0.0,0,,24.8,49,0.9,225.0,0.0,synthetic_climatology,2026-06-21 12:30:00,0.0,0.0
W-20260621-1230,U02,7,0,0.0,0,,24.8,49,0.9,225.0,0.0,synthetic_climatology,2026-06-21 12:30:00,0.0,0.0
W-20260621-1230,U03,6,0,0.0,0,,24.8,49,0.9,225.0,0.0,synthetic_climatology,2026-06-21 12:30:00,0.0,0.0
W-20260621-1830,U01,7,0,0.0,0,,20.9,63,0.8,0.0,0.0,synthetic_climatology,2026-06-21 18:30:00,0.0,0.0
W-20260621-1830,U02,7,0,0.0,0,,20.9,63,0.8,0.0,0.0,synthetic_climatology,2026-06-21 18:30:00,0.0,0.0
W-20260621-1830,U03,6,0,0.0,0,,20.9,63,0.8,0.0,0.0,synthetic_climatology,2026-06-21 18:30:00,0.0,0.0
W-20260621-2200,U01,7,1,0.14285714285714285,0,축산계 추정,18.1,75,1.3,67.5,0.0,synthetic_climatology,2026-06-21 22:00:00,0.0,0.0
W-20260621-2200,U02,6,1,0.16666666666666666,0,축산계 추정,18.1,75,1.3,67.5,0.0,synthetic_climatology,2026-06-21 22:00:00,0.0,0.0
W-20260621-2200,U03,6,0,0.0,0,,18.1,75,1.3,67.5,0.0,synthetic_climatology,2026-06-21 22:00:00,0.0,0.0
W-20260622-0730,U01,6,0,0.0,0,,15.1,87,2.4,45.0,0.0,synthetic_climatology,2026-06-22 07:30:00,0.14285714285714285,0.0
W-20260622-0730,U02,7,1,0.14285714285714285,0,축산계 추정,15.1,87,2.4,45.0,0.0,synthetic_climatology,2026-06-22 07:30:00,0.16666666666666666,0.0
W-20260622-0730,U03,6,1,0.16666666666666666,0,축산계 추정,15.1,87,2.4,45.0,0.0,synthetic_climatology,2026-06-22 07:30:00,0.0,0.0
W-20260622-1230,U01,6,1,0.16666666666666666,0,축산계 추정,22.0,58,7.5,225.0,0.0,synthetic_climatology,2026-06-22 12:30:00,0.0,0.0
W-20260622-1230,U02,7,0,0.0,0,,22.0,58,7.5,225.0,0.0,synthetic_climatology,2026-06-22 12:30:00,0.14285714285714285,0.0
W-20260622-1230,U03,6,0,0.0,0,,22.0,58,7.5,225.0,0.0,synthetic_climatology,2026-06-22 12:30:00,0.16666666666666666,0.0
W-20260622-1830,U01,7,0,0.0,0,,21.6,80,1.2,135.0,2.5,synthetic_climatology,2026-06-22 18:30:00,0.16666666666666666,0.0
W-20260622-1830,U02,7,1,0.14285714285714285,0,구분 어려움,21.6,80,1.2,135.0,2.5,synthetic_climatology,2026-06-22 18:30:00,0.0,0.0
W-20260622-1830,U03,5,0,0.0,0,,21.6,80,1.2,135.0,2.5,synthetic_climatology,2026-06-22 18:30:00,0.0,0.0
W-20260622-2200,U01,6,0,0.0,0,,16.8,81,0.3,90.0,0.0,synthetic_climatology,2026-06-22 22:00:00,0.0,0.0
W-20260622-2200,U02,6,0,0.0,0,,16.8,81,0.3,90.0,0.0,synthetic_climatology,2026-06-22 22:00:00,0.14285714285714285,0.0
W-20260622-2200,U03,6,0,0.0,0,,16.8,81,0.3,90.0,0.0,synthetic_climatology,2026-06-22 22:00:00,0.0,0.0
W-20260623-0730,U01,5,0,0.0,0,,19.7,71,2.7,157.5,0.0,synthetic_climatology,2026-06-23 07:30:00,0.0,0.0
W-20260623-0730,U02,7,3,0.42857142857142855,0,하수계 추정,19.7,71,2.7,157.5,0.0,synthetic_climatology,2026-06-23 07:30:00,0.0,0.0
W-20260623-0730,U03,6,0,0.0,0,,19.7,71,2.7,157.5,0.0,synthetic_climatology,2026-06-23 07:30:00,0.0,0.0
W-20260623-1230,U01,6,0,0.0,0,,26.7,43,7.0,337.5,0.0,synthetic_climatology,2026-06-23 12:30:00,0.0,0.0
W-20260623-1230,U02,7,0,0.0,0,,26.7,43,7.0,337.5,0.0,synthetic_climatology,2026-06-23 12:30:00,0.42857142857142855,0.0
W-20260623-1230,U03,6,0,0.0,0,,26.7,43,7.0,337.5,0.0,synthetic_climatology,2026-06-23 12:30:00,0.0,0.0
W-20260623-1830,U01,6,1,0.16666666666666666,0,구분 어려움,22.8,55,3.3,180.0,0.0,synthetic_climatology,2026-06-23 18:30:00,0.0,0.0
W-20260623-1830,U02,7,0,0.0,0,,22.8,55,3.3,180.0,0.0,synthetic_climatology,2026-06-23 18:30:00,0.0,0.0
W-20260623-1830,U03,6,0,0.0,0,,22.8,55,3.3,180.0,0.0,synthetic_climatology,2026-06-23 18:30:00,0.0,0.0
W-20260623-2200,U01,7,2,0.2857142857142857,0,구분 어려움,21.6,74,0.6,45.0,0.0,synthetic_climatology,2026-06-23 22:00:00,0.16666666666666666,0.0
W-20260623-2200,U02,7,3,0.42857142857142855,0,구분 어려움,21.6,74,0.6,45.0,0.0,synthetic_climatology,2026-06-23 22:00:00,0.0,0.0
W-20260623-2200,U03,6,2,0.3333333333333333,0,축산계 추정,21.6,74,0.6,45.0,0.0,synthetic_climatology,2026-06-23 22:00:00,0.0,0.0
W-20260624-0730,U01,7,0,0.0,0,,16.1,100,1.6,337.5,4.0,synthetic_climatology,2026-06-24 07:30:00,0.2857142857142857,0.0
W-20260624-0730,U02,7,0,0.0,0,,16.1,100,1.6,337.5,4.0,synthetic_climatology,2026-06-24 07:30:00,0.42857142857142855,0.0
W-20260624-0730,U03,5,0,0.0,0,,16.1,100,1.6,337.5,4.0,synthetic_climatology,2026-06-24 07:30:00,0.3333333333333333,0.0
W-20260624-1230,U01,7,1,0.14285714285714285,0,구분 어려움,24.1,71,3.4,22.5,0.0,synthetic_climatology,2026-06-24 12:30:00,0.0,0.0
W-20260624-1230,U02,5,0,0.0,0,,24.1,71,3.4,22.5,0.0,synthetic_climatology,2026-06-24 12:30:00,0.0,0.0
W-20260624-1230,U03,6,0,0.0,0,,24.1,71,3.4,22.5,0.0,synthetic_climatology,2026-06-24 12:30:00,0.0,0.0
W-20260624-1830,U01,7,0,0.0,0,,20.2,78,3.0,180.0,1.5,synthetic_climatology,2026-06-24 18:30:00,0.14285714285714285,0.0
W-20260624-1830,U02,7,0,0.0,0,,20.2,78,3.0,180.0,1.5,synthetic_climatology,2026-06-24 18:30:00,0.0,0.0
W-20260624-1830,U03,5,0,0.0,0,,20.2,78,3.0,180.0,1.5,synthetic_climatology,2026-06-24 18:30:00,0.0,0.0
W-20260624-2200,U01,7,0,0.0,0,,17.5,100,1.5,202.5,1.0,synthetic_climatology,2026-06-24 22:00:00,0.0,0.0
W-20260624-2200,U02,6,0,0.0,0,,17.5,100,1.5,202.5,1.0,synthetic_climatology,2026-06-24 22:00:00,0.0,0.0
W-20260624-2200,U03,6,0,0.0,0,,17.5,100,1.5,202.5,1.0,synthetic_climatology,2026-06-24 22:00:00,0.0,0.0
W-20260625-0730,U01,6,1,0.16666666666666666,0,구분 어려움,18.3,89,1.4,0.0,0.0,synthetic_climatology,2026-06-25 07:30:00,0.0,0.0
W-20260625-0730,U02,6,0,0.0,0,,18.3,89,1.4,0.0,0.0,synthetic_climatology,2026-06-25 07:30:00,0.0,0.0
W-20260625-0730,U03,6,0,0.0,0,,18.3,89,1.4,0.0,0.0,synthetic_climatology,2026-06-25 07:30:00,0.0,0.0
W-20260625-1230,U01,6,0,0.0,0,,25.1,60,2.4,315.0,0.0,synthetic_climatology,2026-06-25 12:30:00,0.16666666666666666,0.0
W-20260625-1230,U02,6,0,0.0,0,,25.1,60,2.4,315.0,0.0,synthetic_climatology,2026-06-25 12:30:00,0.0,0.0
W-20260625-1230,U03,5,0,0.0,0,,25.1,60,2.4,315.0,0.0,synthetic_climatology,2026-06-25 12:30:00,0.0,0.0
W-20260625-1830,U01,6,0,0.0,0,,23.5,72,3.4,202.5,0.0,synthetic_climatology,2026-06-25 18:30:00,0.0,0.0
W-20260625-1830,U02,7,2,0.2857142857142857,0,구분 어려움,23.5,72,3.4,202.5,0.0,synthetic_climatology,2026-06-25 18:30:00,0.0,0.0
W-20260625-1830,U03,5,0,0.0,0,,23.5,72,3.4,202.5,0.0,synthetic_climatology,2026-06-25 18:30:00,0.0,0.0
W-20260625-2200,U01,7,0,0.0,0,,20.2,85,1.0,202.5,0.0,synthetic_climatology,2026-06-25 22:00:00,0.0,0.0
W-20260625-2200,U02,7,1,0.14285714285714285,0,구분 어려움,20.2,85,1.0,202.5,0.0,synthetic_climatology,2026-06-25 22:00:00,0.2857142857142857,0.0
W-20260625-2200,U03,5,1,0.2,0,축산계 추정,20.2,85,1.0,202.5,0.0,synthetic_climatology,2026-06-25 22:00:00,0.0,0.0
W-20260626-0730,U01,7,0,0.0,0,,20.6,90,2.9,157.5,0.0,synthetic_climatology,2026-06-26 07:30:00,0.0,0.0
W-20260626-0730,U02,7,1,0.14285714285714285,0,기타,20.6,90,2.9,157.5,0.0,synthetic_climatology,2026-06-26 07:30:00,0.14285714285714285,0.0
W-20260626-0730,U03,6,1,0.16666666666666666,0,구분 어려움,20.6,90,2.9,157.5,0.0,synthetic_climatology,2026-06-26 07:30:00,0.2,0.0
W-20260626-1230,U01,7,0,0.0,0,,26.7,64,1.6,225.0,0.0,synthetic_climatology,2026-06-26 12:30:00,0.0,0.0
W-20260626-1230,U02,6,1,0.16666666666666666,0,축산계 추정,26.7,64,1.6,225.0,0.0,synthetic_climatology,2026-06-26 12:30:00,0.14285714285714285,0.0
W-20260626-1230,U03,6,0,0.0,0,,26.7,64,1.6,225.0,0.0,synthetic_climatology,2026-06-26 12:30:00,0.16666666666666666,0.0
W-20260626-1830,U01,7,0,0.0,0,,23.0,77,3.0,180.0,0.0,synthetic_climatology,2026-06-26 18:30:00,0.0,0.0
W-20260626-1830,U02,7,1,0.14285714285714285,0,구분 어려움,23.0,77,3.0,180.0,0.0,synthetic_climatology,2026-06-26 18:30:00,0.16666666666666666,0.0
W-20260626-1830,U03,6,0,0.0,0,,23.0,77,3.0,180.0,0.0,synthetic_climatology,2026-06-26 18:30:00,0.0,0.0
W-20260626-2200,U01,7,2,0.2857142857142857,0,기타,20.3,94,1.1,270.0,0.0,synthetic_climatology,2026-06-26 22:00:00,0.0,0.0
W-20260626-2200,U02,6,0,0.0,0,,20.3,94,1.1,270.0,0.0,synthetic_climatology,2026-06-26 22:00:00,0.14285714285714285,0.0
W-20260626-2200,U03,6,2,0.3333333333333333,0,구분 어려움,20.3,94,1.1,270.0,0.0,synthetic_climatology,2026-06-26 22:00:00,0.0,0.0
W-20260627-0730,U01,6,0,0.0,0,,15.4,100,1.7,157.5,0.5,synthetic_climatology,2026-06-27 07:30:00,0.2857142857142857,0.0
W-20260627-0730,U02,7,0,0.0,0,,15.4,100,1.7,157.5,0.5,synthetic_climatology,2026-06-27 07:30:00,0.0,0.0
W-20260627-0730,U03,6,0,0.0,0,,15.4,100,1.7,157.5,0.5,synthetic_climatology,2026-06-27 07:30:00,0.3333333333333333,0.0
W-20260627-1230,U01,7,3,0.42857142857142855,0,축산계 추정,22.5,90,4.7,45.0,0.0,synthetic_climatology,2026-06-27 12:30:00,0.0,0.0
W-20260627-1230,U02,6,0,0.0,0,,22.5,90,4.7,45.0,0.0,synthetic_climatology,2026-06-27 12:30:00,0.0,0.0
W-20260627-1230,U03,5,3,0.6,1,축산계 추정,22.5,90,4.7,45.0,0.0,synthetic_climatology,2026-06-27 12:30:00,0.0,0.0
W-20260627-1830,U01,7,3,0.42857142857142855,0,하수계 추정,20.7,93,4.4,180.0,0.0,synthetic_climatology,2026-06-27 18:30:00,0.42857142857142855,0.0
W-20260627-1830,U02,7,1,0.14285714285714285,0,구분 어려움,20.7,93,4.4,180.0,0.0,synthetic_climatology,2026-06-27 18:30:00,0.0,0.0
W-20260627-1830,U03,6,1,0.16666666666666666,0,구분 어려움,20.7,93,4.4,180.0,0.0,synthetic_climatology,2026-06-27 18:30:00,0.6,1.0
W-20260627-2200,U01,7,0,0.0,0,,17.7,100,1.0,315.0,0.0,synthetic_climatology,2026-06-27 22:00:00,0.42857142857142855,0.0
W-20260627-2200,U02,7,0,0.0,0,,17.7,100,1.0,315.0,0.0,synthetic_climatology,2026-06-27 22:00:00,0.14285714285714285,0.0
W-20260627-2200,U03,6,0,0.0,0,,17.7,100,1.0,315.0,0.0,synthetic_climatology,2026-06-27 22:00:00,0.16666666666666666,0.0
W-20260628-0730,U01,7,2,0.2857142857142857,0,축산계 추정,19.4,93,1.1,247.5,0.0,synthetic_climatology,2026-06-28 07:30:00,0.0,0.0
W-20260628-0730,U02,6,1,0.16666666666666666,0,축산계 추정,19.4,93,1.1,247.5,0.0,synthetic_climatology,2026-06-28 07:30:00,0.0,0.0
W-20260628-0730,U03,6,3,0.5,1,축산계 추정,19.4,93,1.1,247.5,0.0,synthetic_climatology,2026-06-28 07:30:00,0.0,0.0
W-20260628-1230,U01,7,1,0.14285714285714285,0,축산계 추정,26.5,74,2.2,180.0,0.0,synthetic_climatology,2026-06-28 12:30:00,0.2857142857142857,0.0
W-20260628-1230,U02,5,0,0.0,0,,26.5,74,2.2,180.0,0.0,synthetic_climatology,2026-06-28 12:30:00,0.16666666666666666,0.0
W-20260628-1230,U03,6,0,0.0,0,,26.5,74,2.2,180.0,0.0,synthetic_climatology,2026-06-28 12:30:00,0.5,1.0
W-20260628-1830,U01,7,1,0.14285714285714285,0,하수계 추정,24.6,72,1.0,180.0,0.0,synthetic_climatology,2026-06-28 18:30:00,0.14285714285714285,0.0
W-20260628-1830,U02,7,0,0.0,0,,24.6,72,1.0,180.0,0.0,synthetic_climatology,2026-06-28 18:30:00,0.0,0.0
W-20260628-1830,U03,5,0,0.0,0,,24.6,72,1.0,180.0,0.0,synthetic_climatology,2026-06-28 18:30:00,0.0,0.0
W-20260628-2200,U01,6,0,0.0,0,,21.1,88,1.7,180.0,0.0,synthetic_climatology,2026-06-28 22:00:00,0.14285714285714285,0.0
W-20260628-2200,U02,6,1,0.16666666666666666,0,구분 어려움,21.1,88,1.7,180.0,0.0,synthetic_climatology,2026-06-28 22:00:00,0.0,0.0
W-20260628-2200,U03,5,0,0.0,0,,21.1,88,1.7,180.0,0.0,synthetic_climatology,2026-06-28 22:00:00,0.0,0.0
W-20260629-0730,U01,7,0,0.0,0,,18.8,100,2.0,270.0,1.0,synthetic_climatology,2026-06-29 07:30:00,0.0,0.0
W-20260629-0730,U02,6,0,0.0,0,,18.8,100,2.0,270.0,1.0,synthetic_climatology,2026-06-29 07:30:00,0.16666666666666666,0.0
W-20260629-0730,U03,5,0,0.0,0,,18.8,100,2.0,270.0,1.0,synthetic_climatology,2026-06-29 07:30:00,0.0,0.0
W-20260629-1230,U01,6,0,0.0,0,,25.6,73,1.5,180.0,4.0,synthetic_climatology,2026-06-29 12:30:00,0.0,0.0
W-20260629-1230,U02,7,0,0.0,0,,25.6,73,1.5,180.0,4.0,synthetic_climatology,2026-06-29 12:30:00,0.0,0.0
W-20260629-1230,U03,5,1,0.2,0,하수계 추정,25.6,73,1.5,180.0,4.0,synthetic_climatology,2026-06-29 12:30:00,0.0,0.0
W-20260629-1830,U01,6,0,0.0,0,,23.3,85,2.3,180.0,0.0,synthetic_climatology,2026-06-29 18:30:00,0.0,0.0
W-20260629-1830,U02,7,0,0.0,0,,23.3,85,2.3,180.0,0.0,synthetic_climatology,2026-06-29 18:30:00,0.0,0.0
W-20260629-1830,U03,6,1,0.16666666666666666,0,하수계 추정,23.3,85,2.3,180.0,0.0,synthetic_climatology,2026-06-29 18:30:00,0.2,0.0
W-20260629-2200,U01,7,4,0.5714285714285714,1,구분 어려움,19.3,100,0.4,45.0,0.5,synthetic_climatology,2026-06-29 22:00:00,0.0,0.0
W-20260629-2200,U02,6,2,0.3333333333333333,0,축산계 추정,19.3,100,0.4,45.0,0.5,synthetic_climatology,2026-06-29 22:00:00,0.0,0.0
W-20260629-2200,U03,6,1,0.16666666666666666,0,축산계 추정,19.3,100,0.4,45.0,0.5,synthetic_climatology,2026-06-29 22:00:00,0.16666666666666666,0.0
W-20260630-0730,U01,7,0,0.0,0,,18.0,94,3.0,90.0,0.0,synthetic_climatology,2026-06-30 07:30:00,0.5714285714285714,1.0
W-20260630-0730,U02,7,0,0.0,0,,18.0,94,3.0,90.0,0.0,synthetic_climatology,2026-06-30 07:30:00,0.3333333333333333,0.0
W-20260630-0730,U03,5,0,0.0,0,,18.0,94,3.0,90.0,0.0,synthetic_climatology,2026-06-30 07:30:00,0.16666666666666666,0.0
W-20260630-1230,U01,6,0,0.0,0,,25.0,76,1.7,247.5,0.5,synthetic_climatology,2026-06-30 12:30:00,0.0,0.0
W-20260630-1230,U02,5,0,0.0,0,,25.0,76,1.7,247.5,0.5,synthetic_climatology,2026-06-30 12:30:00,0.0,0.0
W-20260630-1230,U03,6,0,0.0,0,,25.0,76,1.7,247.5,0.5,synthetic_climatology,2026-06-30 12:30:00,0.0,0.0
W-20260630-1830,U01,6,2,0.3333333333333333,0,하수계 추정,20.8,82,1.4,225.0,0.5,synthetic_climatology,2026-06-30 18:30:00,0.0,0.0
W-20260630-1830,U02,7,4,0.5714285714285714,1,축산계 추정,20.8,82,1.4,225.0,0.5,synthetic_climatology,2026-06-30 18:30:00,0.0,0.0
W-20260630-1830,U03,6,2,0.3333333333333333,0,하수계 추정,20.8,82,1.4,225.0,0.5,synthetic_climatology,2026-06-30 18:30:00,0.0,0.0
W-20260630-2200,U01,6,1,0.16666666666666666,0,하수계 추정,18.4,99,0.7,22.5,9.0,synthetic_climatology,2026-06-30 22:00:00,0.3333333333333333,0.0
W-20260630-2200,U02,7,0,0.0,0,,18.4,99,0.7,22.5,9.0,synthetic_climatology,2026-06-30 22:00:00,0.5714285714285714,1.0
W-20260630-2200,U03,5,0,0.0,0,,18.4,99,0.7,22.5,9.0,synthetic_climatology,2026-06-30 22:00:00,0.3333333333333333,0.0
W-20260701-0730,U01,6,1,0.16666666666666666,0,축산계 추정,19.7,100,0.6,90.0,0.0,synthetic_climatology,2026-07-01 07:30:00,0.16666666666666666,0.0
W-20260701-0730,U02,6,1,0.16666666666666666,0,구분 어려움,19.7,100,0.6,90.0,0.0,synthetic_climatology,2026-07-01 07:30:00,0.0,0.0
W-20260701-0730,U03,5,0,0.0,0,,19.7,100,0.6,90.0,0.0,synthetic_climatology,2026-07-01 07:30:00,0.0,0.0
W-20260701-1230,U01,7,0,0.0,0,,26.5,81,3.6,225.0,0.0,synthetic_climatology,2026-07-01 12:30:00,0.16666666666666666,0.0
W-20260701-1230,U02,7,0,0.0,0,,26.5,81,3.6,225.0,0.0,synthetic_climatology,2026-07-01 12:30:00,0.16666666666666666,0.0
W-20260701-1230,U03,5,0,0.0,0,,26.5,81,3.6,225.0,0.0,synthetic_climatology,2026-07-01 12:30:00,0.0,0.0
W-20260701-1830,U01,7,0,0.0,0,,24.5,89,1.5,202.5,0.0,synthetic_climatology,2026-07-01 18:30:00,0.0,0.0
W-20260701-1830,U02,6,2,0.3333333333333333,0,하수계 추정,24.5,89,1.5,202.5,0.0,synthetic_climatology,2026-07-01 18:30:00,0.0,0.0
W-20260701-1830,U03,6,1,0.16666666666666666,0,하수계 추정,24.5,89,1.5,202.5,0.0,synthetic_climatology,2026-07-01 18:30:00,0.0,0.0
W-20260701-2200,U01,7,5,0.7142857142857143,1,축산계 추정,21.4,96,1.1,202.5,0.0,synthetic_climatology,2026-07-01 22:00:00,0.0,0.0
W-20260701-2200,U02,6,0,0.0,0,,21.4,96,1.1,202.5,0.0,synthetic_climatology,2026-07-01 22:00:00,0.3333333333333333,0.0
W-20260701-2200,U03,6,3,0.5,1,구분 어려움,21.4,96,1.1,202.5,0.0,synthetic_climatology,2026-07-01 22:00:00,0.16666666666666666,0.0
W-20260702-0730,U01,7,0,0.0,0,,17.7,100,2.0,247.5,1.5,synthetic_climatology,2026-07-02 07:30:00,0.7142857142857143,1.0
W-20260702-0730,U02,7,0,0.0,0,,17.7,100,2.0,247.5,1.5,synthetic_climatology,2026-07-02 07:30:00,0.0,0.0
W-20260702-0730,U03,6,0,0.0,0,,17.7,100,2.0,247.5,1.5,synthetic_climatology,2026-07-02 07:30:00,0.5,1.0
W-20260702-1230,U01,7,0,0.0,0,,25.1,80,5.0,157.5,2.5,synthetic_climatology,2026-07-02 12:30:00,0.0,0.0
W-20260702-1230,U02,5,0,0.0,0,,25.1,80,5.0,157.5,2.5,synthetic_climatology,2026-07-02 12:30:00,0.0,0.0
W-20260702-1230,U03,5,0,0.0,0,,25.1,80,5.0,157.5,2.5,synthetic_climatology,2026-07-02 12:30:00,0.0,0.0
W-20260702-1830,U01,7,3,0.42857142857142855,0,구분 어려움,22.0,98,2.6,90.0,0.5,synthetic_climatology,2026-07-02 18:30:00,0.0,0.0
W-20260702-1830,U02,7,2,0.2857142857142857,0,축산계 추정,22.0,98,2.6,90.0,0.5,synthetic_climatology,2026-07-02 18:30:00,0.0,0.0
W-20260702-1830,U03,6,1,0.16666666666666666,0,축산계 추정,22.0,98,2.6,90.0,0.5,synthetic_climatology,2026-07-02 18:30:00,0.0,0.0
W-20260702-2200,U01,7,1,0.14285714285714285,0,하수계 추정,18.8,100,1.0,180.0,0.0,synthetic_climatology,2026-07-02 22:00:00,0.42857142857142855,0.0
W-20260702-2200,U02,6,3,0.5,1,하수계 추정,18.8,100,1.0,180.0,0.0,synthetic_climatology,2026-07-02 22:00:00,0.2857142857142857,0.0
W-20260702-2200,U03,5,0,0.0,0,,18.8,100,1.0,180.0,0.0,synthetic_climatology,2026-07-02 22:00:00,0.16666666666666666,0.0
W-20260703-0730,U01,7,0,0.0,0,,22.3,96,2.1,180.0,0.0,synthetic_climatology,2026-07-03 07:30:00,0.14285714285714285,0.0
W-20260703-0730,U02,7,0,0.0,0,,22.3,96,2.1,180.0,0.0,synthetic_climatology,2026-07-03 07:30:00,0.5,1.0
W-20260703-0730,U03,6,0,0.0,0,,22.3,96,2.1,180.0,0.0,synthetic_climatology,2026-07-03 07:30:00,0.0,0.0
W-20260703-1230,U01,7,1,0.14285714285714285,0,구분 어려움,28.8,73,4.8,90.0,0.0,synthetic_climatology,2026-07-03 12:30:00,0.0,0.0
W-20260703-1230,U02,6,0,0.0,0,,28.8,73,4.8,90.0,0.0,synthetic_climatology,2026-07-03 12:30:00,0.0,0.0
W-20260703-1230,U03,6,0,0.0,0,,28.8,73,4.8,90.0,0.0,synthetic_climatology,2026-07-03 12:30:00,0.0,0.0
W-20260703-1830,U01,7,1,0.14285714285714285,0,축산계 추정,25.8,86,2.8,225.0,0.0,synthetic_climatology,2026-07-03 18:30:00,0.14285714285714285,0.0
W-20260703-1830,U02,7,2,0.2857142857142857,0,축산계 추정,25.8,86,2.8,225.0,0.0,synthetic_climatology,2026-07-03 18:30:00,0.0,0.0
W-20260703-1830,U03,6,0,0.0,0,,25.8,86,2.8,225.0,0.0,synthetic_climatology,2026-07-03 18:30:00,0.0,0.0
W-20260703-2200,U01,7,3,0.42857142857142855,0,구분 어려움,22.4,100,1.4,180.0,0.0,synthetic_climatology,2026-07-03 22:00:00,0.14285714285714285,0.0
W-20260703-2200,U02,6,2,0.3333333333333333,0,기타,22.4,100,1.4,180.0,0.0,synthetic_climatology,2026-07-03 22:00:00,0.2857142857142857,0.0
W-20260703-2200,U03,6,1,0.16666666666666666,0,구분 어려움,22.4,100,1.4,180.0,0.0,synthetic_climatology,2026-07-03 22:00:00,0.0,0.0
W-20260704-0730,U01,7,2,0.2857142857142857,0,축산계 추정,21.1,100,1.2,247.5,0.0,synthetic_climatology,2026-07-04 07:30:00,0.42857142857142855,0.0
W-20260704-0730,U02,7,0,0.0,0,,21.1,100,1.2,247.5,0.0,synthetic_climatology,2026-07-04 07:30:00,0.3333333333333333,0.0
W-20260704-0730,U03,6,2,0.3333333333333333,0,구분 어려움,21.1,100,1.2,247.5,0.0,synthetic_climatology,2026-07-04 07:30:00,0.16666666666666666,0.0
W-20260704-1230,U01,7,0,0.0,0,,27.5,78,3.5,135.0,0.0,synthetic_climatology,2026-07-04 12:30:00,0.2857142857142857,0.0
W-20260704-1230,U02,7,0,0.0,0,,27.5,78,3.5,135.0,0.0,synthetic_climatology,2026-07-04 12:30:00,0.0,0.0
W-20260704-1230,U03,6,0,0.0,0,,27.5,78,3.5,135.0,0.0,synthetic_climatology,2026-07-04 12:30:00,0.3333333333333333,0.0
W-20260704-1830,U01,7,1,0.14285714285714285,0,축산계 추정,24.6,85,4.5,247.5,0.0,synthetic_climatology,2026-07-04 18:30:00,0.0,0.0
W-20260704-1830,U02,6,1,0.16666666666666666,0,구분 어려움,24.6,85,4.5,247.5,0.0,synthetic_climatology,2026-07-04 18:30:00,0.0,0.0
W-20260704-1830,U03,6,1,0.16666666666666666,0,축산계 추정,24.6,85,4.5,247.5,0.0,synthetic_climatology,2026-07-04 18:30:00,0.0,0.0
W-20260704-2200,U01,7,1,0.14285714285714285,0,축산계 추정,21.2,100,1.3,90.0,0.0,synthetic_climatology,2026-07-04 22:00:00,0.14285714285714285,0.0
W-20260704-2200,U02,5,2,0.4,0,구분 어려움,21.2,100,1.3,90.0,0.0,synthetic_climatology,2026-07-04 22:00:00,0.16666666666666666,0.0
W-20260704-2200,U03,5,1,0.2,0,구분 어려움,21.2,100,1.3,90.0,0.0,synthetic_climatology,2026-07-04 22:00:00,0.16666666666666666,0.0
W-20260705-0730,U01,7,0,0.0,0,,18.3,100,2.0,247.5,0.0,synthetic_climatology,2026-07-05 07:30:00,0.14285714285714285,0.0
W-20260705-0730,U02,5,2,0.4,0,축산계 추정,18.3,100,2.0,247.5,0.0,synthetic_climatology,2026-07-05 07:30:00,0.4,0.0
W-20260705-0730,U03,5,0,0.0,0,,18.3,100,2.0,247.5,0.0,synthetic_climatology,2026-07-05 07:30:00,0.2,0.0
W-20260705-1230,U01,7,0,0.0,0,,25.8,84,4.5,202.5,0.5,synthetic_climatology,2026-07-05 12:30:00,0.0,0.0
W-20260705-1230,U02,7,1,0.14285714285714285,0,기타,25.8,84,4.5,202.5,0.5,synthetic_climatology,2026-07-05 12:30:00,0.4,0.0
W-20260705-1230,U03,6,1,0.16666666666666666,0,하수계 추정,25.8,84,4.5,202.5,0.5,synthetic_climatology,2026-07-05 12:30:00,0.0,0.0
W-20260705-1830,U01,7,1,0.14285714285714285,0,축산계 추정,24.4,86,2.6,202.5,0.0,synthetic_climatology,2026-07-05 18:30:00,0.0,0.0
W-20260705-1830,U02,7,2,0.2857142857142857,0,축산계 추정,24.4,86,2.6,202.5,0.0,synthetic_climatology,2026-07-05 18:30:00,0.14285714285714285,0.0
W-20260705-1830,U03,6,1,0.16666666666666666,0,축산계 추정,24.4,86,2.6,202.5,0.0,synthetic_climatology,2026-07-05 18:30:00,0.16666666666666666,0.0
W-20260705-2200,U01,7,3,0.42857142857142855,0,하수계 추정,20.2,100,0.6,180.0,1.5,synthetic_climatology,2026-07-05 22:00:00,0.14285714285714285,0.0
W-20260705-2200,U02,5,0,0.0,0,,20.2,100,0.6,180.0,1.5,synthetic_climatology,2026-07-05 22:00:00,0.2857142857142857,0.0
W-20260705-2200,U03,6,0,0.0,0,,20.2,100,0.6,180.0,1.5,synthetic_climatology,2026-07-05 22:00:00,0.16666666666666666,0.0
W-20260706-0730,U01,6,1,0.16666666666666666,0,축산계 추정,17.2,100,0.6,247.5,1.5,synthetic_climatology,2026-07-06 07:30:00,0.42857142857142855,0.0
W-20260706-0730,U02,7,0,0.0,0,,17.2,100,0.6,247.5,1.5,synthetic_climatology,2026-07-06 07:30:00,0.0,0.0
W-20260706-0730,U03,5,1,0.2,0,구분 어려움,17.2,100,0.6,247.5,1.5,synthetic_climatology,2026-07-06 07:30:00,0.0,0.0
W-20260706-1230,U01,6,1,0.16666666666666666,0,구분 어려움,23.4,77,3.8,112.5,0.5,synthetic_climatology,2026-07-06 12:30:00,0.16666666666666666,0.0
W-20260706-1230,U02,6,1,0.16666666666666666,0,하수계 추정,23.4,77,3.8,112.5,0.5,synthetic_climatology,2026-07-06 12:30:00,0.0,0.0
W-20260706-1230,U03,6,2,0.3333333333333333,0,하수계 추정,23.4,77,3.8,112.5,0.5,synthetic_climatology,2026-07-06 12:30:00,0.2,0.0
W-20260706-1830,U01,7,2,0.2857142857142857,0,축산계 추정,21.8,92,1.2,202.5,0.0,synthetic_climatology,2026-07-06 18:30:00,0.16666666666666666,0.0
W-20260706-1830,U02,7,2,0.2857142857142857,0,축산계 추정,21.8,92,1.2,202.5,0.0,synthetic_climatology,2026-07-06 18:30:00,0.16666666666666666,0.0
W-20260706-1830,U03,6,1,0.16666666666666666,0,축산계 추정,21.8,92,1.2,202.5,0.0,synthetic_climatology,2026-07-06 18:30:00,0.3333333333333333,0.0
W-20260706-2200,U01,6,0,0.0,0,,17.9,100,1.3,202.5,1.0,synthetic_climatology,2026-07-06 22:00:00,0.2857142857142857,0.0
W-20260706-2200,U02,7,0,0.0,0,,17.9,100,1.3,202.5,1.0,synthetic_climatology,2026-07-06 22:00:00,0.2857142857142857,0.0
W-20260706-2200,U03,5,0,0.0,0,,17.9,100,1.3,202.5,1.0,synthetic_climatology,2026-07-06 22:00:00,0.16666666666666666,0.0
W-20260707-0730,U01,6,0,0.0,0,,15.0,91,2.3,90.0,0.0,synthetic_climatology,2026-07-07 07:30:00,0.0,0.0
W-20260707-0730,U02,7,0,0.0,0,,15.0,91,2.3,90.0,0.0,synthetic_climatology,2026-07-07 07:30:00,0.0,0.0
W-20260707-0730,U03,6,1,0.16666666666666666,0,하수계 추정,15.0,91,2.3,90.0,0.0,synthetic_climatology,2026-07-07 07:30:00,0.0,0.0
W-20260707-1230,U01,7,0,0.0,0,,21.7,76,4.4,247.5,1.5,synthetic_climatology,2026-07-07 12:30:00,0.0,0.0
W-20260707-1230,U02,6,0,0.0,0,,21.7,76,4.4,247.5,1.5,synthetic_climatology,2026-07-07 12:30:00,0.0,0.0
W-20260707-1230,U03,6,0,0.0,0,,21.7,76,4.4,247.5,1.5,synthetic_climatology,2026-07-07 12:30:00,0.16666666666666666,0.0
W-20260707-1830,U01,7,0,0.0,0,,19.9,83,1.8,157.5,1.0,synthetic_climatology,2026-07-07 18:30:00,0.0,0.0
W-20260707-1830,U02,6,1,0.16666666666666666,0,축산계 추정,19.9,83,1.8,157.5,1.0,synthetic_climatology,2026-07-07 18:30:00,0.0,0.0
W-20260707-1830,U03,5,0,0.0,0,,19.9,83,1.8,157.5,1.0,synthetic_climatology,2026-07-07 18:30:00,0.0,0.0
W-20260707-2200,U01,7,5,0.7142857142857143,1,구분 어려움,17.8,94,1.6,22.5,0.0,synthetic_climatology,2026-07-07 22:00:00,0.0,0.0
W-20260707-2200,U02,6,3,0.5,1,구분 어려움,17.8,94,1.6,22.5,0.0,synthetic_climatology,2026-07-07 22:00:00,0.16666666666666666,0.0
W-20260707-2200,U03,6,2,0.3333333333333333,0,기타,17.8,94,1.6,22.5,0.0,synthetic_climatology,2026-07-07 22:00:00,0.0,0.0
W-20260708-0730,U01,5,0,0.0,0,,13.2,95,4.2,157.5,2.5,synthetic_climatology,2026-07-08 07:30:00,0.7142857142857143,1.0
W-20260708-0730,U02,6,0,0.0,0,,13.2,95,4.2,157.5,2.5,synthetic_climatology,2026-07-08 07:30:00,0.5,1.0
W-20260708-0730,U03,6,0,0.0,0,,13.2,95,4.2,157.5,2.5,synthetic_climatology,2026-07-08 07:30:00,0.3333333333333333,0.0
W-20260708-1230,U01,7,0,0.0,0,,21.8,79,3.0,112.5,0.0,synthetic_climatology,2026-07-08 12:30:00,0.0,0.0
W-20260708-1230,U02,7,0,0.0,0,,21.8,79,3.0,112.5,0.0,synthetic_climatology,2026-07-08 12:30:00,0.0,0.0
W-20260708-1230,U03,5,0,0.0,0,,21.8,79,3.0,112.5,0.0,synthetic_climatology,2026-07-08 12:30:00,0.0,0.0
W-20260708-1830,U01,5,1,0.2,0,구분 어려움,17.9,96,2.0,247.5,1.0,synthetic_climatology,2026-07-08 18:30:00,0.0,0.0
W-20260708-1830,U02,7,0,0.0,0,,17.9,96,2.0,247.5,1.0,synthetic_climatology,2026-07-08 18:30:00,0.0,0.0
W-20260708-1830,U03,6,1,0.16666666666666666,0,기타,17.9,96,2.0,247.5,1.0,synthetic_climatology,2026-07-08 18:30:00,0.0,0.0
W-20260708-2200,U01,6,1,0.16666666666666666,0,하수계 추정,13.9,100,1.0,225.0,0.0,synthetic_climatology,2026-07-08 22:00:00,0.2,0.0
W-20260708-2200,U02,6,2,0.3333333333333333,0,축산계 추정,13.9,100,1.0,225.0,0.0,synthetic_climatology,2026-07-08 22:00:00,0.0,0.0
W-20260708-2200,U03,6,1,0.16666666666666666,0,구분 어려움,13.9,100,1.0,225.0,0.0,synthetic_climatology,2026-07-08 22:00:00,0.16666666666666666,0.0
W-20260709-0730,U01,6,0,0.0,0,,12.3,100,4.0,315.0,2.5,synthetic_climatology,2026-07-09 07:30:00,0.16666666666666666,0.0
W-20260709-0730,U02,7,0,0.0,0,,12.3,100,4.0,315.0,2.5,synthetic_climatology,2026-07-09 07:30:00,0.3333333333333333,0.0
W-20260709-0730,U03,6,0,0.0,0,,12.3,100,4.0,315.0,2.5,synthetic_climatology,2026-07-09 07:30:00,0.16666666666666666,0.0
W-20260709-1230,U01,7,0,0.0,0,,20.8,84,1.8,180.0,0.0,synthetic_climatology,2026-07-09 12:30:00,0.0,0.0
W-20260709-1230,U02,7,0,0.0,0,,20.8,84,1.8,180.0,0.0,synthetic_climatology,2026-07-09 12:30:00,0.0,0.0
W-20260709-1230,U03,5,0,0.0,0,,20.8,84,1.8,180.0,0.0,synthetic_climatology,2026-07-09 12:30:00,0.0,0.0
W-20260709-1830,U01,7,1,0.14285714285714285,0,하수계 추정,17.1,96,1.5,180.0,0.0,synthetic_climatology,2026-07-09 18:30:00,0.0,0.0
W-20260709-1830,U02,7,3,0.42857142857142855,0,하수계 추정,17.1,96,1.5,180.0,0.0,synthetic_climatology,2026-07-09 18:30:00,0.0,0.0
W-20260709-1830,U03,6,0,0.0,0,,17.1,96,1.5,180.0,0.0,synthetic_climatology,2026-07-09 18:30:00,0.0,0.0
W-20260709-2200,U01,6,2,0.3333333333333333,0,축산계 추정,14.9,100,0.8,90.0,0.0,synthetic_climatology,2026-07-09 22:00:00,0.14285714285714285,0.0
W-20260709-2200,U02,7,5,0.7142857142857143,1,축산계 추정,14.9,100,0.8,90.0,0.0,synthetic_climatology,2026-07-09 22:00:00,0.42857142857142855,0.0
W-20260709-2200,U03,6,4,0.6666666666666666,1,축산계 추정,14.9,100,0.8,90.0,0.0,synthetic_climatology,2026-07-09 22:00:00,0.0,0.0
W-20260710-0730,U01,7,0,0.0,0,,14.4,100,1.1,202.5,1.5,synthetic_climatology,2026-07-10 07:30:00,0.3333333333333333,0.0
W-20260710-0730,U02,7,0,0.0,0,,14.4,100,1.1,202.5,1.5,synthetic_climatology,2026-07-10 07:30:00,0.7142857142857143,1.0
W-20260710-0730,U03,6,1,0.16666666666666666,0,하수계 추정,14.4,100,1.1,202.5,1.5,synthetic_climatology,2026-07-10 07:30:00,0.6666666666666666,1.0
W-20260710-1230,U01,7,0,0.0,0,,22.2,85,2.6,247.5,0.0,synthetic_climatology,2026-07-10 12:30:00,0.0,0.0
W-20260710-1230,U02,6,1,0.16666666666666666,0,축산계 추정,22.2,85,2.6,247.5,0.0,synthetic_climatology,2026-07-10 12:30:00,0.0,0.0
W-20260710-1230,U03,6,0,0.0,0,,22.2,85,2.6,247.5,0.0,synthetic_climatology,2026-07-10 12:30:00,0.16666666666666666,0.0
W-20260710-1830,U01,7,0,0.0,0,,17.6,92,5.9,247.5,0.0,synthetic_climatology,2026-07-10 18:30:00,0.0,0.0
W-20260710-1830,U02,7,0,0.0,0,,17.6,92,5.9,247.5,0.0,synthetic_climatology,2026-07-10 18:30:00,0.16666666666666666,0.0
W-20260710-1830,U03,6,0,0.0,0,,17.6,92,5.9,247.5,0.0,synthetic_climatology,2026-07-10 18:30:00,0.0,0.0
W-20260710-2200,U01,6,1,0.16666666666666666,0,하수계 추정,15.2,99,0.4,180.0,0.0,synthetic_climatology,2026-07-10 22:00:00,0.0,0.0
W-20260710-2200,U02,6,1,0.16666666666666666,0,하수계 추정,15.2,99,0.4,180.0,0.0,synthetic_climatology,2026-07-10 22:00:00,0.0,0.0
W-20260710-2200,U03,5,0,0.0,0,,15.2,99,0.4,180.0,0.0,synthetic_climatology,2026-07-10 22:00:00,0.0,0.0
W-20260711-0730,U01,7,2,0.2857142857142857,0,축산계 추정,13.7,100,2.0,45.0,6.5,synthetic_climatology,2026-07-11 07:30:00,0.16666666666666666,0.0
W-20260711-0730,U02,7,2,0.2857142857142857,0,하수계 추정,13.7,100,2.0,45.0,6.5,synthetic_climatology,2026-07-11 07:30:00,0.16666666666666666,0.0
W-20260711-0730,U03,4,1,0.25,0,축산계 추정,13.7,100,2.0,45.0,6.5,synthetic_climatology,2026-07-11 07:30:00,0.0,0.0
W-20260711-1230,U01,5,0,0.0,0,,20.9,94,3.1,247.5,0.0,synthetic_climatology,2026-07-11 12:30:00,0.2857142857142857,0.0
W-20260711-1230,U02,7,0,0.0,0,,20.9,94,3.1,247.5,0.0,synthetic_climatology,2026-07-11 12:30:00,0.2857142857142857,0.0
W-20260711-1230,U03,5,0,0.0,0,,20.9,94,3.1,247.5,0.0,synthetic_climatology,2026-07-11 12:30:00,0.25,0.0
W-20260711-1830,U01,7,0,0.0,0,,19.4,100,2.1,202.5,0.0,synthetic_climatology,2026-07-11 18:30:00,0.0,0.0
W-20260711-1830,U02,7,0,0.0,0,,19.4,100,2.1,202.5,0.0,synthetic_climatology,2026-07-11 18:30:00,0.0,0.0
W-20260711-1830,U03,5,0,0.0,0,,19.4,100,2.1,202.5,0.0,synthetic_climatology,2026-07-11 18:30:00,0.0,0.0
W-20260711-2200,U01,6,0,0.0,0,,15.4,100,1.8,202.5,6.5,synthetic_climatology,2026-07-11 22:00:00,0.0,0.0
W-20260711-2200,U02,7,0,0.0,0,,15.4,100,1.8,202.5,6.5,synthetic_climatology,2026-07-11 22:00:00,0.0,0.0
W-20260711-2200,U03,6,0,0.0,0,,15.4,100,1.8,202.5,6.5,synthetic_climatology,2026-07-11 22:00:00,0.0,0.0
W-20260712-0730,U01,7,2,0.2857142857142857,0,축산계 추정,16.8,100,2.0,247.5,0.0,synthetic_climatology,2026-07-12 07:30:00,0.0,0.0
W-20260712-0730,U02,5,0,0.0,0,,16.8,100,2.0,247.5,0.0,synthetic_climatology,2026-07-12 07:30:00,0.0,0.0
W-20260712-0730,U03,4,1,0.25,0,축산계 추정,16.8,100,2.0,247.5,0.0,synthetic_climatology,2026-07-12 07:30:00,0.0,0.0
W-20260712-1230,U01,6,0,0.0,0,,23.2,85,7.5,45.0,0.0,synthetic_climatology,2026-07-12 12:30:00,0.2857142857142857,0.0
W-20260712-1230,U02,7,0,0.0,0,,23.2,85,7.5,45.0,0.0,synthetic_climatology,2026-07-12 12:30:00,0.0,0.0
W-20260712-1230,U03,6,0,0.0,0,,23.2,85,7.5,45.0,0.0,synthetic_climatology,2026-07-12 12:30:00,0.25,0.0
W-20260712-1830,U01,7,0,0.0,0,,20.6,94,1.9,247.5,0.0,synthetic_climatology,2026-07-12 18:30:00,0.0,0.0
W-20260712-1830,U02,6,1,0.16666666666666666,0,구분 어려움,20.6,94,1.9,247.5,0.0,synthetic_climatology,2026-07-12 18:30:00,0.0,0.0
W-20260712-1830,U03,5,0,0.0,0,,20.6,94,1.9,247.5,0.0,synthetic_climatology,2026-07-12 18:30:00,0.0,0.0
W-20260712-2200,U01,6,2,0.3333333333333333,0,구분 어려움,17.5,100,2.0,247.5,0.0,synthetic_climatology,2026-07-12 22:00:00,0.0,0.0
W-20260712-2200,U02,7,1,0.14285714285714285,0,축산계 추정,17.5,100,2.0,247.5,0.0,synthetic_climatology,2026-07-12 22:00:00,0.16666666666666666,0.0
W-20260712-2200,U03,6,0,0.0,0,,17.5,100,2.0,247.5,0.0,synthetic_climatology,2026-07-12 22:00:00,0.0,0.0
W-20260713-0730,U01,7,2,0.2857142857142857,0,하수계 추정,19.5,100,1.6,292.5,0.0,synthetic_climatology,2026-07-13 07:30:00,0.3333333333333333,0.0
W-20260713-0730,U02,6,1,0.16666666666666666,0,하수계 추정,19.5,100,1.6,292.5,0.0,synthetic_climatology,2026-07-13 07:30:00,0.14285714285714285,0.0
W-20260713-0730,U03,5,2,0.4,0,구분 어려움,19.5,100,1.6,292.5,0.0,synthetic_climatology,2026-07-13 07:30:00,0.0,0.0
W-20260713-1230,U01,7,0,0.0,0,,26.4,74,3.0,225.0,0.0,synthetic_climatology,2026-07-13 12:30:00,0.2857142857142857,0.0
W-20260713-1230,U02,6,0,0.0,0,,26.4,74,3.0,225.0,0.0,synthetic_climatology,2026-07-13 12:30:00,0.16666666666666666,0.0
W-20260713-1230,U03,6,0,0.0,0,,26.4,74,3.0,225.0,0.0,synthetic_climatology,2026-07-13 12:30:00,0.4,0.0
W-20260713-1830,U01,7,1,0.14285714285714285,0,구분 어려움,24.0,92,1.7,202.5,0.0,synthetic_climatology,2026-07-13 18:30:00,0.0,0.0
W-20260713-1830,U02,7,0,0.0,0,,24.0,92,1.7,202.5,0.0,synthetic_climatology,2026-07-13 18:30:00,0.0,0.0
W-20260713-1830,U03,5,0,0.0,0,,24.0,92,1.7,202.5,0.0,synthetic_climatology,2026-07-13 18:30:00,0.0,0.0
W-20260713-2200,U01,7,1,0.14285714285714285,0,구분 어려움,19.0,99,0.3,180.0,0.0,synthetic_climatology,2026-07-13 22:00:00,0.14285714285714285,0.0
W-20260713-2200,U02,6,2,0.3333333333333333,0,구분 어려움,19.0,99,0.3,180.0,0.0,synthetic_climatology,2026-07-13 22:00:00,0.0,0.0
W-20260713-2200,U03,5,0,0.0,0,,19.0,99,0.3,180.0,0.0,synthetic_climatology,2026-07-13 22:00:00,0.0,0.0
W-20260714-0730,U01,7,0,0.0,0,,14.4,93,3.9,157.5,9.0,synthetic_climatology,2026-07-14 07:30:00,0.14285714285714285,0.0
W-20260714-0730,U02,6,0,0.0,0,,14.4,93,3.9,157.5,9.0,synthetic_climatology,2026-07-14 07:30:00,0.3333333333333333,0.0
W-20260714-0730,U03,5,1,0.2,0,하수계 추정,14.4,93,3.9,157.5,9.0,synthetic_climatology,2026-07-14 07:30:00,0.0,0.0
W-20260714-1230,U01,7,0,0.0,0,,22.0,76,1.1,270.0,0.0,synthetic_climatology,2026-07-14 12:30:00,0.0,0.0
W-20260714-1230,U02,5,0,0.0,0,,22.0,76,1.1,270.0,0.0,synthetic_climatology,2026-07-14 12:30:00,0.0,0.0
W-20260714-1230,U03,6,0,0.0,0,,22.0,76,1.1,270.0,0.0,synthetic_climatology,2026-07-14 12:30:00,0.2,0.0
W-20260714-1830,U01,6,0,0.0,0,,19.9,89,2.7,135.0,0.0,synthetic_climatology,2026-07-14 18:30:00,0.0,0.0
W-20260714-1830,U02,7,1,0.14285714285714285,0,축산계 추정,19.9,89,2.7,135.0,0.0,synthetic_climatology,2026-07-14 18:30:00,0.0,0.0
W-20260714-1830,U03,6,0,0.0,0,,19.9,89,2.7,135.0,0.0,synthetic_climatology,2026-07-14 18:30:00,0.0,0.0
W-20260714-2200,U01,6,0,0.0,0,,17.4,100,1.2,337.5,0.0,synthetic_climatology,2026-07-14 22:00:00,0.0,0.0
W-20260714-2200,U02,6,2,0.3333333333333333,0,구분 어려움,17.4,100,1.2,337.5,0.0,synthetic_climatology,2026-07-14 22:00:00,0.14285714285714285,0.0
W-20260714-2200,U03,3,1,0.3333333333333333,0,축산계 추정,17.4,100,1.2,337.5,0.0,synthetic_climatology,2026-07-14 22:00:00,0.0,0.0
W-20260715-0730,U01,7,5,0.7142857142857143,1,하수계 추정,14.0,100,1.9,135.0,0.0,synthetic_climatology,2026-07-15 07:30:00,0.0,0.0
W-20260715-0730,U02,7,2,0.2857142857142857,0,축산계 추정,14.0,100,1.9,135.0,0.0,synthetic_climatology,2026-07-15 07:30:00,0.3333333333333333,0.0
W-20260715-0730,U03,6,3,0.5,1,구분 어려움,14.0,100,1.9,135.0,0.0,synthetic_climatology,2026-07-15 07:30:00,0.3333333333333333,0.0
W-20260715-1230,U01,6,2,0.3333333333333333,0,축산계 추정,22.7,77,2.2,45.0,0.0,synthetic_climatology,2026-07-15 12:30:00,0.7142857142857143,1.0
W-20260715-1230,U02,7,2,0.2857142857142857,0,기타,22.7,77,2.2,45.0,0.0,synthetic_climatology,2026-07-15 12:30:00,0.2857142857142857,0.0
W-20260715-1230,U03,4,1,0.25,0,축산계 추정,22.7,77,2.2,45.0,0.0,synthetic_climatology,2026-07-15 12:30:00,0.5,1.0
W-20260715-1830,U01,6,0,0.0,0,,19.0,87,4.5,225.0,0.0,synthetic_climatology,2026-07-15 18:30:00,0.3333333333333333,0.0
W-20260715-1830,U02,7,0,0.0,0,,19.0,87,4.5,225.0,0.0,synthetic_climatology,2026-07-15 18:30:00,0.2857142857142857,0.0
W-20260715-1830,U03,6,0,0.0,0,,19.0,87,4.5,225.0,0.0,synthetic_climatology,2026-07-15 18:30:00,0.25,0.0
W-20260715-2200,U01,7,0,0.0,0,,15.3,100,0.8,135.0,0.0,synthetic_climatology,2026-07-15 22:00:00,0.0,0.0
W-20260715-2200,U02,7,3,0.42857142857142855,0,하수계 추정,15.3,100,0.8,135.0,0.0,synthetic_climatology,2026-07-15 22:00:00,0.0,0.0
W-20260715-2200,U03,6,3,0.5,1,구분 어려움,15.3,100,0.8,135.0,0.0,synthetic_climatology,2026-07-15 22:00:00,0.0,0.0
W-20260716-0730,U01,7,1,0.14285714285714285,0,기타,12.2,100,1.8,0.0,0.0,synthetic_climatology,2026-07-16 07:30:00,0.0,0.0
W-20260716-0730,U02,7,1,0.14285714285714285,0,구분 어려움,12.2,100,1.8,0.0,0.0,synthetic_climatology,2026-07-16 07:30:00,0.42857142857142855,0.0
W-20260716-0730,U03,5,0,0.0,0,,12.2,100,1.8,0.0,0.0,synthetic_climatology,2026-07-16 07:30:00,0.5,1.0
W-20260716-1230,U01,7,2,0.2857142857142857,0,하수계 추정,19.5,84,2.4,180.0,0.5,synthetic_climatology,2026-07-16 12:30:00,0.14285714285714285,0.0
W-20260716-1230,U02,4,0,0.0,0,,19.5,84,2.4,180.0,0.5,synthetic_climatology,2026-07-16 12:30:00,0.14285714285714285,0.0
W-20260716-1230,U03,5,1,0.2,0,하수계 추정,19.5,84,2.4,180.0,0.5,synthetic_climatology,2026-07-16 12:30:00,0.0,0.0
W-20260716-1830,U01,7,1,0.14285714285714285,0,하수계 추정,16.7,93,4.6,180.0,0.0,synthetic_climatology,2026-07-16 18:30:00,0.2857142857142857,0.0
W-20260716-1830,U02,5,1,0.2,0,하수계 추정,16.7,93,4.6,180.0,0.0,synthetic_climatology,2026-07-16 18:30:00,0.0,0.0
W-20260716-1830,U03,6,0,0.0,0,,16.7,93,4.6,180.0,0.0,synthetic_climatology,2026-07-16 18:30:00,0.2,0.0
W-20260716-2200,U01,6,5,0.8333333333333334,1,축산계 추정,13.4,100,1.4,225.0,0.0,synthetic_climatology,2026-07-16 22:00:00,0.14285714285714285,0.0
W-20260716-2200,U02,7,2,0.2857142857142857,0,기타,13.4,100,1.4,225.0,0.0,synthetic_climatology,2026-07-16 22:00:00,0.2,0.0
W-20260716-2200,U03,5,2,0.4,0,구분 어려움,13.4,100,1.4,225.0,0.0,synthetic_climatology,2026-07-16 22:00:00,0.0,0.0
W-20260717-0730,U01,6,0,0.0,0,,19.4,100,3.6,225.0,0.0,synthetic_climatology,2026-07-17 07:30:00,0.8333333333333334,1.0
W-20260717-0730,U02,6,2,0.3333333333333333,0,구분 어려움,19.4,100,3.6,225.0,0.0,synthetic_climatology,2026-07-17 07:30:00,0.2857142857142857,0.0
W-20260717-0730,U03,6,3,0.5,1,축산계 추정,19.4,100,3.6,225.0,0.0,synthetic_climatology,2026-07-17 07:30:00,0.4,0.0
W-20260717-1230,U01,7,1,0.14285714285714285,0,하수계 추정,26.6,75,4.0,180.0,0.0,synthetic_climatology,2026-07-17 12:30:00,0.0,0.0
W-20260717-1230,U02,6,0,0.0,0,,26.6,75,4.0,180.0,0.0,synthetic_climatology,2026-07-17 12:30:00,0.3333333333333333,0.0
W-20260717-1230,U03,6,0,0.0,0,,26.6,75,4.0,180.0,0.0,synthetic_climatology,2026-07-17 12:30:00,0.5,1.0
W-20260717-1830,U01,7,3,0.42857142857142855,0,기타,23.8,88,3.1,202.5,0.0,synthetic_climatology,2026-07-17 18:30:00,0.14285714285714285,0.0
W-20260717-1830,U02,6,1,0.16666666666666666,0,하수계 추정,23.8,88,3.1,202.5,0.0,synthetic_climatology,2026-07-17 18:30:00,0.0,0.0
W-20260717-1830,U03,6,0,0.0,0,,23.8,88,3.1,202.5,0.0,synthetic_climatology,2026-07-17 18:30:00,0.0,0.0
W-20260717-2200,U01,7,0,0.0,0,,19.6,98,2.8,90.0,0.0,synthetic_climatology,2026-07-17 22:00:00,0.42857142857142855,0.0
W-20260717-2200,U02,7,1,0.14285714285714285,0,축산계 추정,19.6,98,2.8,90.0,0.0,synthetic_climatology,2026-07-17 22:00:00,0.16666666666666666,0.0
W-20260717-2200,U03,6,0,0.0,0,,19.6,98,2.8,90.0,0.0,synthetic_climatology,2026-07-17 22:00:00,0.0,0.0
W-20260718-0730,U01,7,0,0.0,0,,19.5,100,1.1,202.5,0.0,synthetic_climatology,2026-07-18 07:30:00,0.0,0.0
W-20260718-0730,U02,5,0,0.0,0,,19.5,100,1.1,202.5,0.0,synthetic_climatology,2026-07-18 07:30:00,0.14285714285714285,0.0
W-20260718-0730,U03,5,0,0.0,0,,19.5,100,1.1,202.5,0.0,synthetic_climatology,2026-07-18 07:30:00,0.0,0.0
W-20260718-1230,U01,7,1,0.14285714285714285,0,축산계 추정,25.8,87,2.7,180.0,0.0,synthetic_climatology,2026-07-18 12:30:00,0.0,0.0
W-20260718-1230,U02,6,1,0.16666666666666666,0,구분 어려움,25.8,87,2.7,180.0,0.0,synthetic_climatology,2026-07-18 12:30:00,0.0,0.0
W-20260718-1230,U03,6,2,0.3333333333333333,0,하수계 추정,25.8,87,2.7,180.0,0.0,synthetic_climatology,2026-07-18 12:30:00,0.0,0.0
W-20260718-1830,U01,7,0,0.0,0,,23.2,100,2.6,247.5,0.0,synthetic_climatology,2026-07-18 18:30:00,0.14285714285714285,0.0
W-20260718-1830,U02,7,0,0.0,0,,23.2,100,2.6,247.5,0.0,synthetic_climatology,2026-07-18 18:30:00,0.16666666666666666,0.0
W-20260718-1830,U03,6,0,0.0,0,,23.2,100,2.6,247.5,0.0,synthetic_climatology,2026-07-18 18:30:00,0.3333333333333333,0.0
W-20260718-2200,U01,7,1,0.14285714285714285,0,구분 어려움,20.7,100,3.1,270.0,0.0,synthetic_climatology,2026-07-18 22:00:00,0.0,0.0
W-20260718-2200,U02,7,1,0.14285714285714285,0,구분 어려움,20.7,100,3.1,270.0,0.0,synthetic_climatology,2026-07-18 22:00:00,0.0,0.0
W-20260718-2200,U03,6,2,0.3333333333333333,0,구분 어려움,20.7,100,3.1,270.0,0.0,synthetic_climatology,2026-07-18 22:00:00,0.0,0.0
W-20260719-0730,U01,7,0,0.0,0,,16.2,100,1.8,90.0,2.5,synthetic_climatology,2026-07-19 07:30:00,0.14285714285714285,0.0
W-20260719-0730,U02,7,0,0.0,0,,16.2,100,1.8,90.0,2.5,synthetic_climatology,2026-07-19 07:30:00,0.14285714285714285,0.0
W-20260719-0730,U03,6,0,0.0,0,,16.2,100,1.8,90.0,2.5,synthetic_climatology,2026-07-19 07:30:00,0.3333333333333333,0.0
W-20260719-1230,U01,7,1,0.14285714285714285,0,축산계 추정,23.0,85,2.2,202.5,0.5,synthetic_climatology,2026-07-19 12:30:00,0.0,0.0
W-20260719-1230,U02,7,0,0.0,0,,23.0,85,2.2,202.5,0.5,synthetic_climatology,2026-07-19 12:30:00,0.0,0.0
W-20260719-1230,U03,6,0,0.0,0,,23.0,85,2.2,202.5,0.5,synthetic_climatology,2026-07-19 12:30:00,0.0,0.0
W-20260719-1830,U01,7,0,0.0,0,,20.7,95,3.3,157.5,6.5,synthetic_climatology,2026-07-19 18:30:00,0.14285714285714285,0.0
W-20260719-1830,U02,7,0,0.0,0,,20.7,95,3.3,157.5,6.5,synthetic_climatology,2026-07-19 18:30:00,0.0,0.0
W-20260719-1830,U03,6,0,0.0,0,,20.7,95,3.3,157.5,6.5,synthetic_climatology,2026-07-19 18:30:00,0.0,0.0
W-20260719-2200,U01,5,0,0.0,0,,17.0,100,0.8,180.0,2.5,synthetic_climatology,2026-07-19 22:00:00,0.0,0.0
W-20260719-2200,U02,7,2,0.2857142857142857,0,구분 어려움,17.0,100,0.8,180.0,2.5,synthetic_climatology,2026-07-19 22:00:00,0.0,0.0
W-20260719-2200,U03,5,0,0.0,0,,17.0,100,0.8,180.0,2.5,synthetic_climatology,2026-07-19 22:00:00,0.0,0.0
W-20260720-0730,U01,7,2,0.2857142857142857,0,축산계 추정,18.6,100,0.7,45.0,0.0,synthetic_climatology,2026-07-20 07:30:00,0.0,0.0
W-20260720-0730,U02,7,3,0.42857142857142855,0,축산계 추정,18.6,100,0.7,45.0,0.0,synthetic_climatology,2026-07-20 07:30:00,0.2857142857142857,0.0
W-20260720-0730,U03,5,0,0.0,0,,18.6,100,0.7,45.0,0.0,synthetic_climatology,2026-07-20 07:30:00,0.0,0.0
W-20260720-1230,U01,6,0,0.0,0,,27.1,64,3.2,180.0,6.5,synthetic_climatology,2026-07-20 12:30:00,0.2857142857142857,0.0
W-20260720-1230,U02,7,1,0.14285714285714285,0,하수계 추정,27.1,64,3.2,180.0,6.5,synthetic_climatology,2026-07-20 12:30:00,0.42857142857142855,0.0
W-20260720-1230,U03,6,0,0.0,0,,27.1,64,3.2,180.0,6.5,synthetic_climatology,2026-07-20 12:30:00,0.0,0.0
W-20260720-1830,U01,5,2,0.4,0,축산계 추정,24.8,90,0.3,180.0,0.0,synthetic_climatology,2026-07-20 18:30:00,0.0,0.0
W-20260720-1830,U02,7,2,0.2857142857142857,0,축산계 추정,24.8,90,0.3,180.0,0.0,synthetic_climatology,2026-07-20 18:30:00,0.14285714285714285,0.0
W-20260720-1830,U03,6,5,0.8333333333333334,1,하수계 추정,24.8,90,0.3,180.0,0.0,synthetic_climatology,2026-07-20 18:30:00,0.0,0.0
W-20260720-2200,U01,7,3,0.42857142857142855,0,축산계 추정,20.2,100,1.8,202.5,0.0,synthetic_climatology,2026-07-20 22:00:00,0.4,0.0
W-20260720-2200,U02,7,1,0.14285714285714285,0,구분 어려움,20.2,100,1.8,202.5,0.0,synthetic_climatology,2026-07-20 22:00:00,0.2857142857142857,0.0
W-20260720-2200,U03,6,1,0.16666666666666666,0,축산계 추정,20.2,100,1.8,202.5,0.0,synthetic_climatology,2026-07-20 22:00:00,0.8333333333333334,1.0
W-20260721-0730,U01,6,0,0.0,0,,19.4,100,2.5,157.5,0.0,synthetic_climatology,2026-07-21 07:30:00,0.42857142857142855,0.0
W-20260721-0730,U02,7,0,0.0,0,,19.4,100,2.5,157.5,0.0,synthetic_climatology,2026-07-21 07:30:00,0.14285714285714285,0.0
W-20260721-0730,U03,6,0,0.0,0,,19.4,100,2.5,157.5,0.0,synthetic_climatology,2026-07-21 07:30:00,0.16666666666666666,0.0
W-20260721-1230,U01,6,0,0.0,0,,25.9,78,1.5,202.5,0.0,synthetic_climatology,2026-07-21 12:30:00,0.0,0.0
W-20260721-1230,U02,6,0,0.0,0,,25.9,78,1.5,202.5,0.0,synthetic_climatology,2026-07-21 12:30:00,0.0,0.0
W-20260721-1230,U03,6,0,0.0,0,,25.9,78,1.5,202.5,0.0,synthetic_climatology,2026-07-21 12:30:00,0.0,0.0
W-20260721-1830,U01,7,1,0.14285714285714285,0,하수계 추정,22.9,87,4.2,180.0,0.0,synthetic_climatology,2026-07-21 18:30:00,0.0,0.0
W-20260721-1830,U02,6,0,0.0,0,,22.9,87,4.2,180.0,0.0,synthetic_climatology,2026-07-21 18:30:00,0.0,0.0
W-20260721-1830,U03,6,0,0.0,0,,22.9,87,4.2,180.0,0.0,synthetic_climatology,2026-07-21 18:30:00,0.0,0.0
W-20260721-2200,U01,7,2,0.2857142857142857,0,축산계 추정,20.0,99,0.7,90.0,0.0,synthetic_climatology,2026-07-21 22:00:00,0.14285714285714285,0.0
W-20260721-2200,U02,7,1,0.14285714285714285,0,구분 어려움,20.0,99,0.7,90.0,0.0,synthetic_climatology,2026-07-21 22:00:00,0.0,0.0
W-20260721-2200,U03,6,1,0.16666666666666666,0,구분 어려움,20.0,99,0.7,90.0,0.0,synthetic_climatology,2026-07-21 22:00:00,0.0,0.0
W-20260722-0730,U01,6,0,0.0,0,,16.7,100,1.1,180.0,0.0,synthetic_climatology,2026-07-22 07:30:00,0.2857142857142857,0.0
W-20260722-0730,U02,7,1,0.14285714285714285,0,축산계 추정,16.7,100,1.1,180.0,0.0,synthetic_climatology,2026-07-22 07:30:00,0.14285714285714285,0.0
W-20260722-0730,U03,4,0,0.0,0,,16.7,100,1.1,180.0,0.0,synthetic_climatology,2026-07-22 07:30:00,0.16666666666666666,0.0
W-20260722-1230,U01,7,0,0.0,0,,24.4,89,4.8,270.0,1.5,synthetic_climatology,2026-07-22 12:30:00,0.0,0.0
W-20260722-1230,U02,7,0,0.0,0,,24.4,89,4.8,270.0,1.5,synthetic_climatology,2026-07-22 12:30:00,0.14285714285714285,0.0
W-20260722-1230,U03,5,0,0.0,0,,24.4,89,4.8,270.0,1.5,synthetic_climatology,2026-07-22 12:30:00,0.0,0.0
W-20260722-1830,U01,7,1,0.14285714285714285,0,구분 어려움,21.3,98,2.9,135.0,0.0,synthetic_climatology,2026-07-22 18:30:00,0.0,0.0
W-20260722-1830,U02,6,4,0.6666666666666666,1,구분 어려움,21.3,98,2.9,135.0,0.0,synthetic_climatology,2026-07-22 18:30:00,0.0,0.0
W-20260722-1830,U03,6,4,0.6666666666666666,1,구분 어려움,21.3,98,2.9,135.0,0.0,synthetic_climatology,2026-07-22 18:30:00,0.0,0.0
W-20260722-2200,U01,7,3,0.42857142857142855,0,축산계 추정,18.1,100,1.9,45.0,4.0,synthetic_climatology,2026-07-22 22:00:00,0.14285714285714285,0.0
W-20260722-2200,U02,5,0,0.0,0,,18.1,100,1.9,45.0,4.0,synthetic_climatology,2026-07-22 22:00:00,0.6666666666666666,1.0
W-20260722-2200,U03,3,1,0.3333333333333333,0,축산계 추정,18.1,100,1.9,45.0,4.0,synthetic_climatology,2026-07-22 22:00:00,0.6666666666666666,1.0
W-20260723-0730,U01,7,0,0.0,0,,16.5,100,1.9,247.5,0.5,synthetic_climatology,2026-07-23 07:30:00,0.42857142857142855,0.0
W-20260723-0730,U02,7,1,0.14285714285714285,0,구분 어려움,16.5,100,1.9,247.5,0.5,synthetic_climatology,2026-07-23 07:30:00,0.0,0.0
W-20260723-0730,U03,6,0,0.0,0,,16.5,100,1.9,247.5,0.5,synthetic_climatology,2026-07-23 07:30:00,0.3333333333333333,0.0
W-20260723-1230,U01,7,4,0.5714285714285714,1,축산계 추정,24.1,88,2.8,180.0,0.0,synthetic_climatology,2026-07-23 12:30:00,0.0,0.0
W-20260723-1230,U02,7,3,0.42857142857142855,0,하수계 추정,24.1,88,2.8,180.0,0.0,synthetic_climatology,2026-07-23 12:30:00,0.14285714285714285,0.0
W-20260723-1230,U03,6,3,0.5,1,하수계 추정,24.1,88,2.8,180.0,0.0,synthetic_climatology,2026-07-23 12:30:00,0.0,0.0
W-20260723-1830,U01,6,2,0.3333333333333333,0,구분 어려움,21.0,93,2.5,270.0,0.0,synthetic_climatology,2026-07-23 18:30:00,0.5714285714285714,1.0
W-20260723-1830,U02,7,0,0.0,0,,21.0,93,2.5,270.0,0.0,synthetic_climatology,2026-07-23 18:30:00,0.42857142857142855,0.0
W-20260723-1830,U03,6,1,0.16666666666666666,0,축산계 추정,21.0,93,2.5,270.0,0.0,synthetic_climatology,2026-07-23 18:30:00,0.5,1.0
W-20260723-2200,U01,6,1,0.16666666666666666,0,하수계 추정,16.6,97,1.0,225.0,0.0,synthetic_climatology,2026-07-23 22:00:00,0.3333333333333333,0.0
W-20260723-2200,U02,7,0,0.0,0,,16.6,97,1.0,225.0,0.0,synthetic_climatology,2026-07-23 22:00:00,0.0,0.0
W-20260723-2200,U03,6,1,0.16666666666666666,0,하수계 추정,16.6,97,1.0,225.0,0.0,synthetic_climatology,2026-07-23 22:00:00,0.16666666666666666,0.0
W-20260724-0730,U01,6,1,0.16666666666666666,0,하수계 추정,16.5,100,2.0,22.5,0.0,synthetic_climatology,2026-07-24 07:30:00,0.16666666666666666,0.0
W-20260724-0730,U02,7,0,0.0,0,,16.5,100,2.0,22.5,0.0,synthetic_climatology,2026-07-24 07:30:00,0.0,0.0
W-20260724-0730,U03,5,0,0.0,0,,16.5,100,2.0,22.5,0.0,synthetic_climatology,2026-07-24 07:30:00,0.16666666666666666,0.0
W-20260724-1230,U01,7,2,0.2857142857142857,0,구분 어려움,23.8,90,2.2,180.0,0.0,synthetic_climatology,2026-07-24 12:30:00,0.16666666666666666,0.0
W-20260724-1230,U02,7,1,0.14285714285714285,0,하수계 추정,23.8,90,2.2,180.0,0.0,synthetic_climatology,2026-07-24 12:30:00,0.0,0.0
W-20260724-1230,U03,6,0,0.0,0,,23.8,90,2.2,180.0,0.0,synthetic_climatology,2026-07-24 12:30:00,0.0,0.0
W-20260724-1830,U01,7,2,0.2857142857142857,0,구분 어려움,21.2,100,1.9,135.0,0.0,synthetic_climatology,2026-07-24 18:30:00,0.2857142857142857,0.0
W-20260724-1830,U02,5,2,0.4,0,축산계 추정,21.2,100,1.9,135.0,0.0,synthetic_climatology,2026-07-24 18:30:00,0.14285714285714285,0.0
W-20260724-1830,U03,6,1,0.16666666666666666,0,구분 어려움,21.2,100,1.9,135.0,0.0,synthetic_climatology,2026-07-24 18:30:00,0.0,0.0
W-20260724-2200,U01,5,5,1.0,1,하수계 추정,17.5,100,0.8,157.5,0.0,synthetic_climatology,2026-07-24 22:00:00,0.2857142857142857,0.0
W-20260724-2200,U02,7,3,0.42857142857142855,0,하수계 추정,17.5,100,0.8,157.5,0.0,synthetic_climatology,2026-07-24 22:00:00,0.4,0.0
W-20260724-2200,U03,6,4,0.6666666666666666,1,하수계 추정,17.5,100,0.8,157.5,0.0,synthetic_climatology,2026-07-24 22:00:00,0.16666666666666666,0.0
W-20260725-0730,U01,6,0,0.0,0,,23.2,86,2.2,157.5,0.0,synthetic_climatology,2026-07-25 07:30:00,1.0,1.0
W-20260725-0730,U02,6,1,0.16666666666666666,0,구분 어려움,23.2,86,2.2,157.5,0.0,synthetic_climatology,2026-07-25 07:30:00,0.42857142857142855,0.0
W-20260725-0730,U03,6,0,0.0,0,,23.2,86,2.2,157.5,0.0,synthetic_climatology,2026-07-25 07:30:00,0.6666666666666666,1.0
W-20260725-1230,U01,7,0,0.0,0,,30.2,67,1.2,270.0,0.0,synthetic_climatology,2026-07-25 12:30:00,0.0,0.0
W-20260725-1230,U02,7,1,0.14285714285714285,0,구분 어려움,30.2,67,1.2,270.0,0.0,synthetic_climatology,2026-07-25 12:30:00,0.16666666666666666,0.0
W-20260725-1230,U03,6,1,0.16666666666666666,0,축산계 추정,30.2,67,1.2,270.0,0.0,synthetic_climatology,2026-07-25 12:30:00,0.0,0.0
W-20260725-1830,U01,5,0,0.0,0,,26.5,71,1.3,270.0,0.0,synthetic_climatology,2026-07-25 18:30:00,0.0,0.0
W-20260725-1830,U02,7,1,0.14285714285714285,0,구분 어려움,26.5,71,1.3,270.0,0.0,synthetic_climatology,2026-07-25 18:30:00,0.14285714285714285,0.0
W-20260725-1830,U03,5,0,0.0,0,,26.5,71,1.3,270.0,0.0,synthetic_climatology,2026-07-25 18:30:00,0.16666666666666666,0.0
W-20260725-2200,U01,7,2,0.2857142857142857,0,하수계 추정,23.9,84,0.6,225.0,0.0,synthetic_climatology,2026-07-25 22:00:00,0.0,0.0
W-20260725-2200,U02,6,0,0.0,0,,23.9,84,0.6,225.0,0.0,synthetic_climatology,2026-07-25 22:00:00,0.14285714285714285,0.0
W-20260725-2200,U03,6,0,0.0,0,,23.9,84,0.6,225.0,0.0,synthetic_climatology,2026-07-25 22:00:00,0.0,0.0
W-20260726-0730,U01,7,0,0.0,0,,20.9,92,0.3,225.0,0.0,synthetic_climatology,2026-07-26 07:30:00,0.2857142857142857,0.0
W-20260726-0730,U02,6,1,0.16666666666666666,0,축산계 추정,20.9,92,0.3,225.0,0.0,synthetic_climatology,2026-07-26 07:30:00,0.0,0.0
W-20260726-0730,U03,6,1,0.16666666666666666,0,축산계 추정,20.9,92,0.3,225.0,0.0,synthetic_climatology,2026-07-26 07:30:00,0.0,0.0
W-20260726-1230,U01,7,0,0.0,0,,28.5,67,2.9,247.5,0.0,synthetic_climatology,2026-07-26 12:30:00,0.0,0.0
W-20260726-1230,U02,7,1,0.14285714285714285,0,구분 어려움,28.5,67,2.9,247.5,0.0,synthetic_climatology,2026-07-26 12:30:00,0.16666666666666666,0.0
W-20260726-1230,U03,5,0,0.0,0,,28.5,67,2.9,247.5,0.0,synthetic_climatology,2026-07-26 12:30:00,0.16666666666666666,0.0
W-20260726-1830,U01,7,0,0.0,0,,25.6,82,2.6,270.0,0.0,synthetic_climatology,2026-07-26 18:30:00,0.0,0.0
W-20260726-1830,U02,7,0,0.0,0,,25.6,82,2.6,270.0,0.0,synthetic_climatology,2026-07-26 18:30:00,0.14285714285714285,0.0
W-20260726-1830,U03,6,1,0.16666666666666666,0,구분 어려움,25.6,82,2.6,270.0,0.0,synthetic_climatology,2026-07-26 18:30:00,0.0,0.0
W-20260726-2200,U01,7,1,0.14285714285714285,0,하수계 추정,23.9,96,0.8,0.0,0.0,synthetic_climatology,2026-07-26 22:00:00,0.0,0.0
W-20260726-2200,U02,7,2,0.2857142857142857,0,하수계 추정,23.9,96,0.8,0.0,0.0,synthetic_climatology,2026-07-26 22:00:00,0.0,0.0
W-20260726-2200,U03,6,1,0.16666666666666666,0,구분 어려움,23.9,96,0.8,0.0,0.0,synthetic_climatology,2026-07-26 22:00:00,0.16666666666666666,0.0
W-20260727-0730,U01,7,1,0.14285714285714285,0,하수계 추정,19.3,97,1.2,247.5,0.0,synthetic_climatology,2026-07-27 07:30:00,0.14285714285714285,0.0
W-20260727-0730,U02,5,1,0.2,0,구분 어려움,19.3,97,1.2,247.5,0.0,synthetic_climatology,2026-07-27 07:30:00,0.2857142857142857,0.0
W-20260727-0730,U03,6,0,0.0,0,,19.3,97,1.2,247.5,0.0,synthetic_climatology,2026-07-27 07:30:00,0.16666666666666666,0.0
W-20260727-1230,U01,7,0,0.0,0,,25.8,71,5.3,180.0,0.5,synthetic_climatology,2026-07-27 12:30:00,0.14285714285714285,0.0
W-20260727-1230,U02,6,0,0.0,0,,25.8,71,5.3,180.0,0.5,synthetic_climatology,2026-07-27 12:30:00,0.2,0.0
W-20260727-1230,U03,6,0,0.0,0,,25.8,71,5.3,180.0,0.5,synthetic_climatology,2026-07-27 12:30:00,0.0,0.0
W-20260727-1830,U01,7,3,0.42857142857142855,0,하수계 추정,24.7,75,1.3,135.0,2.5,synthetic_climatology,2026-07-27 18:30:00,0.0,0.0
W-20260727-1830,U02,7,0,0.0,0,,24.7,75,1.3,135.0,2.5,synthetic_climatology,2026-07-27 18:30:00,0.0,0.0
W-20260727-1830,U03,6,2,0.3333333333333333,0,하수계 추정,24.7,75,1.3,135.0,2.5,synthetic_climatology,2026-07-27 18:30:00,0.0,0.0
W-20260727-2200,U01,6,0,0.0,0,,19.2,84,1.3,202.5,0.0,synthetic_climatology,2026-07-27 22:00:00,0.42857142857142855,0.0
W-20260727-2200,U02,7,1,0.14285714285714285,0,축산계 추정,19.2,84,1.3,202.5,0.0,synthetic_climatology,2026-07-27 22:00:00,0.0,0.0
W-20260727-2200,U03,6,2,0.3333333333333333,0,축산계 추정,19.2,84,1.3,202.5,0.0,synthetic_climatology,2026-07-27 22:00:00,0.3333333333333333,0.0
W-20260728-0730,U01,7,3,0.42857142857142855,0,축산계 추정,21.4,84,1.4,45.0,0.0,synthetic_climatology,2026-07-28 07:30:00,0.0,0.0
W-20260728-0730,U02,7,0,0.0,0,,21.4,84,1.4,45.0,0.0,synthetic_climatology,2026-07-28 07:30:00,0.14285714285714285,0.0
W-20260728-0730,U03,6,1,0.16666666666666666,0,축산계 추정,21.4,84,1.4,45.0,0.0,synthetic_climatology,2026-07-28 07:30:00,0.3333333333333333,0.0
W-20260728-1230,U01,7,0,0.0,0,,28.4,54,2.6,337.5,0.0,synthetic_climatology,2026-07-28 12:30:00,0.42857142857142855,0.0
W-20260728-1230,U02,7,0,0.0,0,,28.4,54,2.6,337.5,0.0,synthetic_climatology,2026-07-28 12:30:00,0.0,0.0
W-20260728-1230,U03,5,0,0.0,0,,28.4,54,2.6,337.5,0.0,synthetic_climatology,2026-07-28 12:30:00,0.16666666666666666,0.0
W-20260728-1830,U01,7,1,0.14285714285714285,0,구분 어려움,26.7,63,0.9,67.5,0.0,synthetic_climatology,2026-07-28 18:30:00,0.0,0.0
W-20260728-1830,U02,5,2,0.4,0,구분 어려움,26.7,63,0.9,67.5,0.0,synthetic_climatology,2026-07-28 18:30:00,0.0,0.0
W-20260728-1830,U03,6,1,0.16666666666666666,0,하수계 추정,26.7,63,0.9,67.5,0.0,synthetic_climatology,2026-07-28 18:30:00,0.0,0.0
W-20260728-2200,U01,7,0,0.0,0,,22.6,77,0.9,202.5,0.0,synthetic_climatology,2026-07-28 22:00:00,0.14285714285714285,0.0
W-20260728-2200,U02,7,1,0.14285714285714285,0,하수계 추정,22.6,77,0.9,202.5,0.0,synthetic_climatology,2026-07-28 22:00:00,0.4,0.0
W-20260728-2200,U03,5,0,0.0,0,,22.6,77,0.9,202.5,0.0,synthetic_climatology,2026-07-28 22:00:00,0.16666666666666666,0.0
W-20260729-0730,U01,7,0,0.0,0,,19.8,71,0.9,225.0,0.0,synthetic_climatology,2026-07-29 07:30:00,0.0,0.0
W-20260729-0730,U02,6,0,0.0,0,,19.8,71,0.9,225.0,0.0,synthetic_climatology,2026-07-29 07:30:00,0.14285714285714285,0.0
W-20260729-0730,U03,5,0,0.0,0,,19.8,71,0.9,225.0,0.0,synthetic_climatology,2026-07-29 07:30:00,0.0,0.0
W-20260729-1230,U01,7,0,0.0,0,,26.9,52,5.3,247.5,0.0,synthetic_climatology,2026-07-29 12:30:00,0.0,0.0
W-20260729-1230,U02,7,0,0.0,0,,26.9,52,5.3,247.5,0.0,synthetic_climatology,2026-07-29 12:30:00,0.0,0.0
W-20260729-1230,U03,5,0,0.0,0,,26.9,52,5.3,247.5,0.0,synthetic_climatology,2026-07-29 12:30:00,0.0,0.0
W-20260729-1830,U01,7,0,0.0,0,,23.5,50,1.0,45.0,0.0,synthetic_climatology,2026-07-29 18:30:00,0.0,0.0
W-20260729-1830,U02,7,0,0.0,0,,23.5,50,1.0,45.0,0.0,synthetic_climatology,2026-07-29 18:30:00,0.0,0.0
W-20260729-1830,U03,6,0,0.0,0,,23.5,50,1.0,45.0,0.0,synthetic_climatology,2026-07-29 18:30:00,0.0,0.0
W-20260729-2200,U01,7,1,0.14285714285714285,0,구분 어려움,20.0,62,0.8,202.5,0.0,synthetic_climatology,2026-07-29 22:00:00,0.0,0.0
W-20260729-2200,U02,7,1,0.14285714285714285,0,구분 어려움,20.0,62,0.8,202.5,0.0,synthetic_climatology,2026-07-29 22:00:00,0.0,0.0
W-20260729-2200,U03,4,0,0.0,0,,20.0,62,0.8,202.5,0.0,synthetic_climatology,2026-07-29 22:00:00,0.0,0.0
W-20260730-0730,U01,5,0,0.0,0,,17.4,85,2.7,45.0,1.5,synthetic_climatology,2026-07-30 07:30:00,0.14285714285714285,0.0
W-20260730-0730,U02,7,1,0.14285714285714285,0,구분 어려움,17.4,85,2.7,45.0,1.5,synthetic_climatology,2026-07-30 07:30:00,0.14285714285714285,0.0
W-20260730-0730,U03,6,0,0.0,0,,17.4,85,2.7,45.0,1.5,synthetic_climatology,2026-07-30 07:30:00,0.0,0.0
W-20260730-1230,U01,6,0,0.0,0,,25.2,50,3.4,225.0,1.0,synthetic_climatology,2026-07-30 12:30:00,0.0,0.0
W-20260730-1230,U02,7,0,0.0,0,,25.2,50,3.4,225.0,1.0,synthetic_climatology,2026-07-30 12:30:00,0.14285714285714285,0.0
W-20260730-1230,U03,5,0,0.0,0,,25.2,50,3.4,225.0,1.0,synthetic_climatology,2026-07-30 12:30:00,0.0,0.0
W-20260730-1830,U01,7,0,0.0,0,,23.7,66,3.4,157.5,0.0,synthetic_climatology,2026-07-30 18:30:00,0.0,0.0
W-20260730-1830,U02,7,1,0.14285714285714285,0,하수계 추정,23.7,66,3.4,157.5,0.0,synthetic_climatology,2026-07-30 18:30:00,0.0,0.0
W-20260730-1830,U03,6,0,0.0,0,,23.7,66,3.4,157.5,0.0,synthetic_climatology,2026-07-30 18:30:00,0.0,0.0
W-20260730-2200,U01,6,0,0.0,0,,19.3,81,2.2,225.0,0.0,synthetic_climatology,2026-07-30 22:00:00,0.0,0.0
W-20260730-2200,U02,7,3,0.42857142857142855,0,기타,19.3,81,2.2,225.0,0.0,synthetic_climatology,2026-07-30 22:00:00,0.14285714285714285,0.0
W-20260730-2200,U03,6,2,0.3333333333333333,0,하수계 추정,19.3,81,2.2,225.0,0.0,synthetic_climatology,2026-07-30 22:00:00,0.0,0.0
W-20260731-0730,U01,7,0,0.0,0,,22.3,83,1.5,247.5,0.0,synthetic_climatology,2026-07-31 07:30:00,0.0,0.0
W-20260731-0730,U02,6,1,0.16666666666666666,0,기타,22.3,83,1.5,247.5,0.0,synthetic_climatology,2026-07-31 07:30:00,0.42857142857142855,0.0
W-20260731-0730,U03,6,1,0.16666666666666666,0,하수계 추정,22.3,83,1.5,247.5,0.0,synthetic_climatology,2026-07-31 07:30:00,0.3333333333333333,0.0
W-20260731-1230,U01,7,0,0.0,0,,28.9,54,1.6,315.0,0.0,synthetic_climatology,2026-07-31 12:30:00,0.0,0.0
W-20260731-1230,U02,7,0,0.0,0,,28.9,54,1.6,315.0,0.0,synthetic_climatology,2026-07-31 12:30:00,0.16666666666666666,0.0
W-20260731-1230,U03,5,0,0.0,0,,28.9,54,1.6,315.0,0.0,synthetic_climatology,2026-07-31 12:30:00,0.16666666666666666,0.0
W-20260731-1830,U01,7,0,0.0,0,,27.7,67,3.3,157.5,0.0,synthetic_climatology,2026-07-31 18:30:00,0.0,0.0
W-20260731-1830,U02,7,0,0.0,0,,27.7,67,3.3,157.5,0.0,synthetic_climatology,2026-07-31 18:30:00,0.0,0.0
W-20260731-1830,U03,4,0,0.0,0,,27.7,67,3.3,157.5,0.0,synthetic_climatology,2026-07-31 18:30:00,0.0,0.0
W-20260731-2200,U01,7,1,0.14285714285714285,0,구분 어려움,23.9,75,0.9,247.5,0.0,synthetic_climatology,2026-07-31 22:00:00,0.0,0.0
W-20260731-2200,U02,7,4,0.5714285714285714,1,구분 어려움,23.9,75,0.9,247.5,0.0,synthetic_climatology,2026-07-31 22:00:00,0.0,0.0
W-20260731-2200,U03,6,2,0.3333333333333333,0,축산계 추정,23.9,75,0.9,247.5,0.0,synthetic_climatology,2026-07-31 22:00:00,0.0,0.0
W-20260801-0730,U01,6,0,0.0,0,,17.3,85,1.3,247.5,0.0,synthetic_climatology,2026-08-01 07:30:00,0.14285714285714285,0.0
W-20260801-0730,U02,7,1,0.14285714285714285,0,구분 어려움,17.3,85,1.3,247.5,0.0,synthetic_climatology,2026-08-01 07:30:00,0.5714285714285714,1.0
W-20260801-0730,U03,6,1,0.16666666666666666,0,축산계 추정,17.3,85,1.3,247.5,0.0,synthetic_climatology,2026-08-01 07:30:00,0.3333333333333333,0.0
W-20260801-1230,U01,6,0,0.0,0,,24.7,56,6.9,247.5,0.0,synthetic_climatology,2026-08-01 12:30:00,0.0,0.0
W-20260801-1230,U02,6,0,0.0,0,,24.7,56,6.9,247.5,0.0,synthetic_climatology,2026-08-01 12:30:00,0.14285714285714285,0.0
W-20260801-1230,U03,6,0,0.0,0,,24.7,56,6.9,247.5,0.0,synthetic_climatology,2026-08-01 12:30:00,0.16666666666666666,0.0
W-20260801-1830,U01,5,0,0.0,0,,22.0,68,2.1,270.0,0.0,synthetic_climatology,2026-08-01 18:30:00,0.0,0.0
W-20260801-1830,U02,7,0,0.0,0,,22.0,68,2.1,270.0,0.0,synthetic_climatology,2026-08-01 18:30:00,0.0,0.0
W-20260801-1830,U03,6,0,0.0,0,,22.0,68,2.1,270.0,0.0,synthetic_climatology,2026-08-01 18:30:00,0.0,0.0
W-20260801-2200,U01,6,1,0.16666666666666666,0,축산계 추정,17.7,84,0.5,45.0,0.0,synthetic_climatology,2026-08-01 22:00:00,0.0,0.0
W-20260801-2200,U02,6,2,0.3333333333333333,0,축산계 추정,17.7,84,0.5,45.0,0.0,synthetic_climatology,2026-08-01 22:00:00,0.0,0.0
W-20260801-2200,U03,6,3,0.5,1,축산계 추정,17.7,84,0.5,45.0,0.0,synthetic_climatology,2026-08-01 22:00:00,0.0,0.0
W-20260802-0730,U01,7,0,0.0,0,,15.1,79,1.3,270.0,0.0,synthetic_climatology,2026-08-02 07:30:00,0.16666666666666666,0.0
W-20260802-0730,U02,6,1,0.16666666666666666,0,구분 어려움,15.1,79,1.3,270.0,0.0,synthetic_climatology,2026-08-02 07:30:00,0.3333333333333333,0.0
W-20260802-0730,U03,6,0,0.0,0,,15.1,79,1.3,270.0,0.0,synthetic_climatology,2026-08-02 07:30:00,0.5,1.0
W-20260802-1230,U01,6,0,0.0,0,,23.2,45,5.9,45.0,0.0,synthetic_climatology,2026-08-02 12:30:00,0.0,0.0
W-20260802-1230,U02,6,0,0.0,0,,23.2,45,5.9,45.0,0.0,synthetic_climatology,2026-08-02 12:30:00,0.16666666666666666,0.0
W-20260802-1230,U03,6,0,0.0,0,,23.2,45,5.9,45.0,0.0,synthetic_climatology,2026-08-02 12:30:00,0.0,0.0
W-20260802-1830,U01,5,1,0.2,0,축산계 추정,21.1,63,3.6,292.5,0.0,synthetic_climatology,2026-08-02 18:30:00,0.0,0.0
W-20260802-1830,U02,7,1,0.14285714285714285,0,기타,21.1,63,3.6,292.5,0.0,synthetic_climatology,2026-08-02 18:30:00,0.0,0.0
W-20260802-1830,U03,6,0,0.0,0,,21.1,63,3.6,292.5,0.0,synthetic_climatology,2026-08-02 18:30:00,0.0,0.0
W-20260802-2200,U01,7,2,0.2857142857142857,0,축산계 추정,18.0,70,1.7,247.5,0.0,synthetic_climatology,2026-08-02 22:00:00,0.2,0.0
W-20260802-2200,U02,7,2,0.2857142857142857,0,축산계 추정,18.0,70,1.7,247.5,0.0,synthetic_climatology,2026-08-02 22:00:00,0.14285714285714285,0.0
W-20260802-2200,U03,6,0,0.0,0,,18.0,70,1.7,247.5,0.0,synthetic_climatology,2026-08-02 22:00:00,0.0,0.0
W-20260803-0730,U01,7,4,0.5714285714285714,1,축산계 추정,12.6,91,1.2,90.0,0.0,synthetic_climatology,2026-08-03 07:30:00,0.2857142857142857,0.0
W-20260803-0730,U02,7,3,0.42857142857142855,0,축산계 추정,12.6,91,1.2,90.0,0.0,synthetic_climatology,2026-08-03 07:30:00,0.2857142857142857,0.0
W-20260803-0730,U03,6,3,0.5,1,축산계 추정,12.6,91,1.2,90.0,0.0,synthetic_climatology,2026-08-03 07:30:00,0.0,0.0
W-20260803-1230,U01,7,0,0.0,0,,19.9,62,2.9,180.0,0.0,synthetic_climatology,2026-08-03 12:30:00,0.5714285714285714,1.0
W-20260803-1230,U02,7,3,0.42857142857142855,0,하수계 추정,19.9,62,2.9,180.0,0.0,synthetic_climatology,2026-08-03 12:30:00,0.42857142857142855,0.0
W-20260803-1230,U03,5,1,0.2,0,구분 어려움,19.9,62,2.9,180.0,0.0,synthetic_climatology,2026-08-03 12:30:00,0.5,1.0
W-20260803-1830,U01,6,0,0.0,0,,18.0,71,0.7,225.0,6.5,synthetic_climatology,2026-08-03 18:30:00,0.0,0.0
W-20260803-1830,U02,7,1,0.14285714285714285,0,축산계 추정,18.0,71,0.7,225.0,6.5,synthetic_climatology,2026-08-03 18:30:00,0.42857142857142855,0.0
W-20260803-1830,U03,6,0,0.0,0,,18.0,71,0.7,225.0,6.5,synthetic_climatology,2026-08-03 18:30:00,0.2,0.0
W-20260803-2200,U01,7,1,0.14285714285714285,0,하수계 추정,14.7,89,0.6,315.0,0.5,synthetic_climatology,2026-08-03 22:00:00,0.0,0.0
W-20260803-2200,U02,7,0,0.0,0,,14.7,89,0.6,315.0,0.5,synthetic_climatology,2026-08-03 22:00:00,0.14285714285714285,0.0
W-20260803-2200,U03,6,1,0.16666666666666666,0,하수계 추정,14.7,89,0.6,315.0,0.5,synthetic_climatology,2026-08-03 22:00:00,0.0,0.0
W-20260804-0730,U01,7,4,0.5714285714285714,1,구분 어려움,19.1,86,1.3,180.0,0.0,synthetic_climatology,2026-08-04 07:30:00,0.14285714285714285,0.0
W-20260804-0730,U02,7,3,0.42857142857142855,0,구분 어려움,19.1,86,1.3,180.0,0.0,synthetic_climatology,2026-08-04 07:30:00,0.0,0.0
W-20260804-0730,U03,6,2,0.3333333333333333,0,구분 어려움,19.1,86,1.3,180.0,0.0,synthetic_climatology,2026-08-04 07:30:00,0.16666666666666666,0.0
W-20260804-1230,U01,7,0,0.0,0,,25.2,65,2.6,202.5,0.0,synthetic_climatology,2026-08-04 12:30:00,0.5714285714285714,1.0
W-20260804-1230,U02,7,0,0.0,0,,25.2,65,2.6,202.5,0.0,synthetic_climatology,2026-08-04 12:30:00,0.42857142857142855,0.0
W-20260804-1230,U03,6,0,0.0,0,,25.2,65,2.6,202.5,0.0,synthetic_climatology,2026-08-04 12:30:00,0.3333333333333333,0.0
W-20260804-1830,U01,7,1,0.14285714285714285,0,하수계 추정,22.5,68,2.1,135.0,0.0,synthetic_climatology,2026-08-04 18:30:00,0.0,0.0
W-20260804-1830,U02,7,1,0.14285714285714285,0,기타,22.5,68,2.1,135.0,0.0,synthetic_climatology,2026-08-04 18:30:00,0.0,0.0
W-20260804-1830,U03,6,1,0.16666666666666666,0,축산계 추정,22.5,68,2.1,135.0,0.0,synthetic_climatology,2026-08-04 18:30:00,0.0,0.0
W-20260804-2200,U01,6,2,0.3333333333333333,0,기타,19.9,83,0.5,247.5,0.0,synthetic_climatology,2026-08-04 22:00:00,0.14285714285714285,0.0
W-20260804-2200,U02,6,2,0.3333333333333333,0,하수계 추정,19.9,83,0.5,247.5,0.0,synthetic_climatology,2026-08-04 22:00:00,0.14285714285714285,0.0
W-20260804-2200,U03,6,2,0.3333333333333333,0,축산계 추정,19.9,83,0.5,247.5,0.0,synthetic_climatology,2026-08-04 22:00:00,0.16666666666666666,0.0
W-20260805-0730,U01,6,3,0.5,1,구분 어려움,17.1,80,1.0,67.5,0.0,synthetic_climatology,2026-08-05 07:30:00,0.3333333333333333,0.0
W-20260805-0730,U02,7,2,0.2857142857142857,0,축산계 추정,17.1,80,1.0,67.5,0.0,synthetic_climatology,2026-08-05 07:30:00,0.3333333333333333,0.0
W-20260805-0730,U03,6,5,0.8333333333333334,1,구분 어려움,17.1,80,1.0,67.5,0.0,synthetic_climatology,2026-08-05 07:30:00,0.3333333333333333,0.0
W-20260805-1230,U01,7,0,0.0,0,,24.8,43,7.3,135.0,0.0,synthetic_climatology,2026-08-05 12:30:00,0.5,1.0
W-20260805-1230,U02,7,0,0.0,0,,24.8,43,7.3,135.0,0.0,synthetic_climatology,2026-08-05 12:30:00,0.2857142857142857,0.0
W-20260805-1230,U03,6,0,0.0,0,,24.8,43,7.3,135.0,0.0,synthetic_climatology,2026-08-05 12:30:00,0.8333333333333334,1.0
W-20260805-1830,U01,7,0,0.0,0,,23.6,54,3.5,135.0,0.0,synthetic_climatology,2026-08-05 18:30:00,0.0,0.0
W-20260805-1830,U02,7,1,0.14285714285714285,0,하수계 추정,23.6,54,3.5,135.0,0.0,synthetic_climatology,2026-08-05 18:30:00,0.0,0.0
W-20260805-1830,U03,6,1,0.16666666666666666,0,하수계 추정,23.6,54,3.5,135.0,0.0,synthetic_climatology,2026-08-05 18:30:00,0.0,0.0
W-20260805-2200,U01,7,2,0.2857142857142857,0,축산계 추정,19.7,73,0.7,247.5,0.0,synthetic_climatology,2026-08-05 22:00:00,0.0,0.0
W-20260805-2200,U02,6,1,0.16666666666666666,0,구분 어려움,19.7,73,0.7,247.5,0.0,synthetic_climatology,2026-08-05 22:00:00,0.14285714285714285,0.0
W-20260805-2200,U03,6,1,0.16666666666666666,0,축산계 추정,19.7,73,0.7,247.5,0.0,synthetic_climatology,2026-08-05 22:00:00,0.16666666666666666,0.0
W-20260806-0730,U01,5,2,0.4,0,하수계 추정,19.4,75,1.2,180.0,0.0,synthetic_climatology,2026-08-06 07:30:00,0.2857142857142857,0.0
W-20260806-0730,U02,7,2,0.2857142857142857,0,하수계 추정,19.4,75,1.2,180.0,0.0,synthetic_climatology,2026-08-06 07:30:00,0.16666666666666666,0.0
W-20260806-0730,U03,6,2,0.3333333333333333,0,하수계 추정,19.4,75,1.2,180.0,0.0,synthetic_climatology,2026-08-06 07:30:00,0.16666666666666666,0.0
W-20260806-1230,U01,7,0,0.0,0,,25.5,47,1.2,157.5,0.0,synthetic_climatology,2026-08-06 12:30:00,0.4,0.0
W-20260806-1230,U02,6,0,0.0,0,,25.5,47,1.2,157.5,0.0,synthetic_climatology,2026-08-06 12:30:00,0.2857142857142857,0.0
W-20260806-1230,U03,6,0,0.0,0,,25.5,47,1.2,157.5,0.0,synthetic_climatology,2026-08-06 12:30:00,0.3333333333333333,0.0
W-20260806-1830,U01,6,1,0.16666666666666666,0,구분 어려움,23.5,59,0.9,135.0,0.0,synthetic_climatology,2026-08-06 18:30:00,0.0,0.0
W-20260806-1830,U02,7,2,0.2857142857142857,0,축산계 추정,23.5,59,0.9,135.0,0.0,synthetic_climatology,2026-08-06 18:30:00,0.0,0.0
W-20260806-1830,U03,5,1,0.2,0,하수계 추정,23.5,59,0.9,135.0,0.0,synthetic_climatology,2026-08-06 18:30:00,0.0,0.0
W-20260806-2200,U01,7,2,0.2857142857142857,0,축산계 추정,19.2,74,2.7,90.0,0.0,synthetic_climatology,2026-08-06 22:00:00,0.16666666666666666,0.0
W-20260806-2200,U02,7,1,0.14285714285714285,0,축산계 추정,19.2,74,2.7,90.0,0.0,synthetic_climatology,2026-08-06 22:00:00,0.2857142857142857,0.0
W-20260806-2200,U03,5,0,0.0,0,,19.2,74,2.7,90.0,0.0,synthetic_climatology,2026-08-06 22:00:00,0.2,0.0
W-20260807-0730,U01,7,1,0.14285714285714285,0,하수계 추정,16.0,84,1.2,135.0,1.0,synthetic_climatology,2026-08-07 07:30:00,0.2857142857142857,0.0
W-20260807-0730,U02,6,0,0.0,0,,16.0,84,1.2,135.0,1.0,synthetic_climatology,2026-08-07 07:30:00,0.14285714285714285,0.0
W-20260807-0730,U03,6,0,0.0,0,,16.0,84,1.2,135.0,1.0,synthetic_climatology,2026-08-07 07:30:00,0.0,0.0
W-20260807-1230,U01,7,0,0.0,0,,22.2,55,6.7,90.0,0.0,synthetic_climatology,2026-08-07 12:30:00,0.14285714285714285,0.0
W-20260807-1230,U02,7,0,0.0,0,,22.2,55,6.7,90.0,0.0,synthetic_climatology,2026-08-07 12:30:00,0.0,0.0
W-20260807-1230,U03,4,0,0.0,0,,22.2,55,6.7,90.0,0.0,synthetic_climatology,2026-08-07 12:30:00,0.0,0.0
W-20260807-1830,U01,7,0,0.0,0,,19.7,73,3.8,225.0,0.0,synthetic_climatology,2026-08-07 18:30:00,0.0,0.0
W-20260807-1830,U02,5,0,0.0,0,,19.7,73,3.8,225.0,0.0,synthetic_climatology,2026-08-07 18:30:00,0.0,0.0
W-20260807-1830,U03,6,0,0.0,0,,19.7,73,3.8,225.0,0.0,synthetic_climatology,2026-08-07 18:30:00,0.0,0.0
W-20260807-2200,U01,6,1,0.16666666666666666,0,구분 어려움,17.9,85,0.3,270.0,0.0,synthetic_climatology,2026-08-07 22:00:00,0.0,0.0
W-20260807-2200,U02,7,1,0.14285714285714285,0,구분 어려움,17.9,85,0.3,270.0,0.0,synthetic_climatology,2026-08-07 22:00:00,0.0,0.0
W-20260807-2200,U03,6,3,0.5,1,축산계 추정,17.9,85,0.3,270.0,0.0,synthetic_climatology,2026-08-07 22:00:00,0.0,0.0
W-20260808-0730,U01,6,1,0.16666666666666666,0,하수계 추정,18.4,81,2.9,180.0,0.0,synthetic_climatology,2026-08-08 07:30:00,0.16666666666666666,0.0
W-20260808-0730,U02,6,2,0.3333333333333333,0,축산계 추정,18.4,81,2.9,180.0,0.0,synthetic_climatology,2026-08-08 07:30:00,0.14285714285714285,0.0
W-20260808-0730,U03,6,3,0.5,1,하수계 추정,18.4,81,2.9,180.0,0.0,synthetic_climatology,2026-08-08 07:30:00,0.5,1.0
W-20260808-1230,U01,6,0,0.0,0,,24.1,60,1.5,202.5,0.0,synthetic_climatology,2026-08-08 12:30:00,0.16666666666666666,0.0
W-20260808-1230,U02,6,1,0.16666666666666666,0,기타,24.1,60,1.5,202.5,0.0,synthetic_climatology,2026-08-08 12:30:00,0.3333333333333333,0.0
W-20260808-1230,U03,6,0,0.0,0,,24.1,60,1.5,202.5,0.0,synthetic_climatology,2026-08-08 12:30:00,0.5,1.0
W-20260808-1830,U01,7,0,0.0,0,,22.2,69,1.3,247.5,0.0,synthetic_climatology,2026-08-08 18:30:00,0.0,0.0
W-20260808-1830,U02,6,0,0.0,0,,22.2,69,1.3,247.5,0.0,synthetic_climatology,2026-08-08 18:30:00,0.16666666666666666,0.0
W-20260808-1830,U03,6,0,0.0,0,,22.2,69,1.3,247.5,0.0,synthetic_climatology,2026-08-08 18:30:00,0.0,0.0
W-20260808-2200,U01,7,2,0.2857142857142857,0,구분 어려움,19.6,77,0.7,225.0,0.0,synthetic_climatology,2026-08-08 22:00:00,0.0,0.0
W-20260808-2200,U02,7,4,0.5714285714285714,1,축산계 추정,19.6,77,0.7,225.0,0.0,synthetic_climatology,2026-08-08 22:00:00,0.0,0.0
W-20260808-2200,U03,5,3,0.6,1,구분 어려움,19.6,77,0.7,225.0,0.0,synthetic_climatology,2026-08-08 22:00:00,0.0,0.0
W-20260809-0730,U01,7,0,0.0,0,,16.9,79,1.5,112.5,0.0,synthetic_climatology,2026-08-09 07:30:00,0.2857142857142857,0.0
W-20260809-0730,U02,7,1,0.14285714285714285,0,구분 어려움,16.9,79,1.5,112.5,0.0,synthetic_climatology,2026-08-09 07:30:00,0.5714285714285714,1.0
W-20260809-0730,U03,6,2,0.3333333333333333,0,구분 어려움,16.9,79,1.5,112.5,0.0,synthetic_climatology,2026-08-09 07:30:00,0.6,1.0
W-20260809-1230,U01,5,0,0.0,0,,24.8,57,3.3,180.0,0.0,synthetic_climatology,2026-08-09 12:30:00,0.0,0.0
W-20260809-1230,U02,6,1,0.16666666666666666,0,구분 어려움,24.8,57,3.3,180.0,0.0,synthetic_climatology,2026-08-09 12:30:00,0.14285714285714285,0.0
W-20260809-1230,U03,6,0,0.0,0,,24.8,57,3.3,180.0,0.0,synthetic_climatology,2026-08-09 12:30:00,0.3333333333333333,0.0
W-20260809-1830,U01,7,0,0.0,0,,22.0,71,3.9,202.5,0.0,synthetic_climatology,2026-08-09 18:30:00,0.0,0.0
W-20260809-1830,U02,6,0,0.0,0,,22.0,71,3.9,202.5,0.0,synthetic_climatology,2026-08-09 18:30:00,0.16666666666666666,0.0
W-20260809-1830,U03,6,0,0.0,0,,22.0,71,3.9,202.5,0.0,synthetic_climatology,2026-08-09 18:30:00,0.0,0.0
W-20260809-2200,U01,7,0,0.0,0,,18.9,76,0.6,90.0,0.0,synthetic_climatology,2026-08-09 22:00:00,0.0,0.0
W-20260809-2200,U02,6,2,0.3333333333333333,0,구분 어려움,18.9,76,0.6,90.0,0.0,synthetic_climatology,2026-08-09 22:00:00,0.0,0.0
W-20260809-2200,U03,6,1,0.16666666666666666,0,축산계 추정,18.9,76,0.6,90.0,0.0,synthetic_climatology,2026-08-09 22:00:00,0.0,0.0
W-20260810-0730,U01,6,3,0.5,1,하수계 추정,17.9,94,1.4,135.0,0.0,synthetic_climatology,2026-08-10 07:30:00,0.0,0.0
W-20260810-0730,U02,7,5,0.7142857142857143,1,하수계 추정,17.9,94,1.4,135.0,0.0,synthetic_climatology,2026-08-10 07:30:00,0.3333333333333333,0.0
W-20260810-0730,U03,6,4,0.6666666666666666,1,하수계 추정,17.9,94,1.4,135.0,0.0,synthetic_climatology,2026-08-10 07:30:00,0.16666666666666666,0.0
W-20260810-1230,U01,7,0,0.0,0,,24.1,71,5.6,180.0,0.0,synthetic_climatology,2026-08-10 12:30:00,0.5,1.0
W-20260810-1230,U02,7,0,0.0,0,,24.1,71,5.6,180.0,0.0,synthetic_climatology,2026-08-10 12:30:00,0.7142857142857143,1.0
W-20260810-1230,U03,6,0,0.0,0,,24.1,71,5.6,180.0,0.0,synthetic_climatology,2026-08-10 12:30:00,0.6666666666666666,1.0
W-20260810-1830,U01,7,2,0.2857142857142857,0,축산계 추정,21.7,79,1.5,45.0,0.0,synthetic_climatology,2026-08-10 18:30:00,0.0,0.0
W-20260810-1830,U02,6,3,0.5,1,축산계 추정,21.7,79,1.5,45.0,0.0,synthetic_climatology,2026-08-10 18:30:00,0.0,0.0
W-20260810-1830,U03,4,1,0.25,0,하수계 추정,21.7,79,1.5,45.0,0.0,synthetic_climatology,2026-08-10 18:30:00,0.0,0.0
W-20260810-2200,U01,7,5,0.7142857142857143,1,하수계 추정,17.9,92,0.9,135.0,0.0,synthetic_climatology,2026-08-10 22:00:00,0.2857142857142857,0.0
W-20260810-2200,U02,6,2,0.3333333333333333,0,구분 어려움,17.9,92,0.9,135.0,0.0,synthetic_climatology,2026-08-10 22:00:00,0.5,1.0
W-20260810-2200,U03,6,5,0.8333333333333334,1,하수계 추정,17.9,92,0.9,135.0,0.0,synthetic_climatology,2026-08-10 22:00:00,0.25,0.0
W-20260811-0730,U01,6,2,0.3333333333333333,0,축산계 추정,16.5,87,1.3,90.0,0.0,synthetic_climatology,2026-08-11 07:30:00,0.7142857142857143,1.0
W-20260811-0730,U02,4,0,0.0,0,,16.5,87,1.3,90.0,0.0,synthetic_climatology,2026-08-11 07:30:00,0.3333333333333333,0.0
W-20260811-0730,U03,5,2,0.4,0,구분 어려움,16.5,87,1.3,90.0,0.0,synthetic_climatology,2026-08-11 07:30:00,0.8333333333333334,1.0
W-20260811-1230,U01,6,0,0.0,0,,24.9,63,4.3,247.5,0.0,synthetic_climatology,2026-08-11 12:30:00,0.3333333333333333,0.0
W-20260811-1230,U02,7,0,0.0,0,,24.9,63,4.3,247.5,0.0,synthetic_climatology,2026-08-11 12:30:00,0.0,0.0
W-20260811-1230,U03,5,0,0.0,0,,24.9,63,4.3,247.5,0.0,synthetic_climatology,2026-08-11 12:30:00,0.4,0.0
W-20260811-1830,U01,6,0,0.0,0,,21.6,81,1.0,202.5,0.0,synthetic_climatology,2026-08-11 18:30:00,0.0,0.0
W-20260811-1830,U02,6,1,0.16666666666666666,0,구분 어려움,21.6,81,1.0,202.5,0.0,synthetic_climatology,2026-08-11 18:30:00,0.0,0.0
W-20260811-1830,U03,6,0,0.0,0,,21.6,81,1.0,202.5,0.0,synthetic_climatology,2026-08-11 18:30:00,0.0,0.0
W-20260811-2200,U01,5,2,0.4,0,축산계 추정,17.8,94,0.4,67.5,0.0,synthetic_climatology,2026-08-11 22:00:00,0.0,0.0
W-20260811-2200,U02,6,0,0.0,0,,17.8,94,0.4,67.5,0.0,synthetic_climatology,2026-08-11 22:00:00,0.16666666666666666,0.0
W-20260811-2200,U03,6,0,0.0,0,,17.8,94,0.4,67.5,0.0,synthetic_climatology,2026-08-11 22:00:00,0.0,0.0
W-20260812-0730,U01,6,0,0.0,0,,18.4,73,1.6,202.5,0.0,synthetic_climatology,2026-08-12 07:30:00,0.4,0.0
W-20260812-0730,U02,7,1,0.14285714285714285,0,하수계 추정,18.4,73,1.6,202.5,0.0,synthetic_climatology,2026-08-12 07:30:00,0.0,0.0
W-20260812-0730,U03,6,0,0.0,0,,18.4,73,1.6,202.5,0.0,synthetic_climatology,2026-08-12 07:30:00,0.0,0.0
W-20260812-1230,U01,7,0,0.0,0,,25.8,55,1.4,247.5,0.0,synthetic_climatology,2026-08-12 12:30:00,0.0,0.0
W-20260812-1230,U02,7,0,0.0,0,,25.8,55,1.4,247.5,0.0,synthetic_climatology,2026-08-12 12:30:00,0.14285714285714285,0.0
W-20260812-1230,U03,6,2,0.3333333333333333,0,구분 어려움,25.8,55,1.4,247.5,0.0,synthetic_climatology,2026-08-12 12:30:00,0.0,0.0
W-20260812-1830,U01,6,2,0.3333333333333333,0,축산계 추정,23.1,61,0.9,270.0,0.0,synthetic_climatology,2026-08-12 18:30:00,0.0,0.0
W-20260812-1830,U02,6,4,0.6666666666666666,1,축산계 추정,23.1,61,0.9,270.0,0.0,synthetic_climatology,2026-08-12 18:30:00,0.0,0.0
W-20260812-1830,U03,4,2,0.5,1,구분 어려움,23.1,61,0.9,270.0,0.0,synthetic_climatology,2026-08-12 18:30:00,0.3333333333333333,0.0
W-20260812-2200,U01,6,2,0.3333333333333333,0,하수계 추정,19.9,70,1.0,180.0,0.0,synthetic_climatology,2026-08-12 22:00:00,0.3333333333333333,0.0
W-20260812-2200,U02,7,3,0.42857142857142855,0,축산계 추정,19.9,70,1.0,180.0,0.0,synthetic_climatology,2026-08-12 22:00:00,0.6666666666666666,1.0
W-20260812-2200,U03,6,2,0.3333333333333333,0,하수계 추정,19.9,70,1.0,180.0,0.0,synthetic_climatology,2026-08-12 22:00:00,0.5,1.0
W-20260813-0730,U01,7,0,0.0,0,,17.6,91,1.4,67.5,0.0,synthetic_climatology,2026-08-13 07:30:00,0.3333333333333333,0.0
W-20260813-0730,U02,7,0,0.0,0,,17.6,91,1.4,67.5,0.0,synthetic_climatology,2026-08-13 07:30:00,0.42857142857142855,0.0
W-20260813-0730,U03,6,0,0.0,0,,17.6,91,1.4,67.5,0.0,synthetic_climatology,2026-08-13 07:30:00,0.3333333333333333,0.0
W-20260813-1230,U01,7,0,0.0,0,,25.6,74,4.7,225.0,0.0,synthetic_climatology,2026-08-13 12:30:00,0.0,0.0
W-20260813-1230,U02,7,0,0.0,0,,25.6,74,4.7,225.0,0.0,synthetic_climatology,2026-08-13 12:30:00,0.0,0.0
W-20260813-1230,U03,6,0,0.0,0,,25.6,74,4.7,225.0,0.0,synthetic_climatology,2026-08-13 12:30:00,0.0,0.0
W-20260813-1830,U01,7,0,0.0,0,,22.4,78,2.2,22.5,2.5,synthetic_climatology,2026-08-13 18:30:00,0.0,0.0
W-20260813-1830,U02,6,2,0.3333333333333333,0,구분 어려움,22.4,78,2.2,22.5,2.5,synthetic_climatology,2026-08-13 18:30:00,0.0,0.0
W-20260813-1830,U03,6,1,0.16666666666666666,0,구분 어려움,22.4,78,2.2,22.5,2.5,synthetic_climatology,2026-08-13 18:30:00,0.0,0.0
W-20260813-2200,U01,6,3,0.5,1,구분 어려움,18.7,91,0.8,135.0,0.0,synthetic_climatology,2026-08-13 22:00:00,0.0,0.0
W-20260813-2200,U02,6,4,0.6666666666666666,1,구분 어려움,18.7,91,0.8,135.0,0.0,synthetic_climatology,2026-08-13 22:00:00,0.3333333333333333,0.0
W-20260813-2200,U03,6,2,0.3333333333333333,0,하수계 추정,18.7,91,0.8,135.0,0.0,synthetic_climatology,2026-08-13 22:00:00,0.16666666666666666,0.0
W-20260814-0730,U01,7,0,0.0,0,,18.6,93,1.3,202.5,0.0,synthetic_climatology,2026-08-14 07:30:00,0.5,1.0
W-20260814-0730,U02,6,0,0.0,0,,18.6,93,1.3,202.5,0.0,synthetic_climatology,2026-08-14 07:30:00,0.6666666666666666,1.0
W-20260814-0730,U03,5,0,0.0,0,,18.6,93,1.3,202.5,0.0,synthetic_climatology,2026-08-14 07:30:00,0.3333333333333333,0.0
W-20260814-1230,U01,7,0,0.0,0,,26.1,67,3.1,270.0,0.0,synthetic_climatology,2026-08-14 12:30:00,0.0,0.0
W-20260814-1230,U02,6,0,0.0,0,,26.1,67,3.1,270.0,0.0,synthetic_climatology,2026-08-14 12:30:00,0.0,0.0
W-20260814-1230,U03,5,0,0.0,0,,26.1,67,3.1,270.0,0.0,synthetic_climatology,2026-08-14 12:30:00,0.0,0.0
W-20260814-1830,U01,7,2,0.2857142857142857,0,축산계 추정,24.0,82,1.0,225.0,0.0,synthetic_climatology,2026-08-14 18:30:00,0.0,0.0
W-20260814-1830,U02,6,1,0.16666666666666666,0,하수계 추정,24.0,82,1.0,225.0,0.0,synthetic_climatology,2026-08-14 18:30:00,0.0,0.0
W-20260814-1830,U03,6,1,0.16666666666666666,0,하수계 추정,24.0,82,1.0,225.0,0.0,synthetic_climatology,2026-08-14 18:30:00,0.0,0.0
W-20260814-2200,U01,6,0,0.0,0,,20.5,92,1.2,0.0,0.0,synthetic_climatology,2026-08-14 22:00:00,0.2857142857142857,0.0
W-20260814-2200,U02,7,0,0.0,0,,20.5,92,1.2,0.0,0.0,synthetic_climatology,2026-08-14 22:00:00,0.16666666666666666,0.0
W-20260814-2200,U03,6,1,0.16666666666666666,0,구분 어려움,20.5,92,1.2,0.0,0.0,synthetic_climatology,2026-08-14 22:00:00,0.16666666666666666,0.0
W-20260815-0730,U01,6,1,0.16666666666666666,0,축산계 추정,20.3,100,1.4,90.0,0.0,synthetic_climatology,2026-08-15 07:30:00,0.0,0.0
W-20260815-0730,U02,6,2,0.3333333333333333,0,축산계 추정,20.3,100,1.4,90.0,0.0,synthetic_climatology,2026-08-15 07:30:00,0.0,0.0
W-20260815-0730,U03,5,2,0.4,0,축산계 추정,20.3,100,1.4,90.0,0.0,synthetic_climatology,2026-08-15 07:30:00,0.16666666666666666,0.0
W-20260815-1230,U01,7,0,0.0,0,,28.4,86,7.5,45.0,0.0,synthetic_climatology,2026-08-15 12:30:00,0.16666666666666666,0.0
W-20260815-1230,U02,7,1,0.14285714285714285,0,축산계 추정,28.4,86,7.5,45.0,0.0,synthetic_climatology,2026-08-15 12:30:00,0.3333333333333333,0.0
W-20260815-1230,U03,5,0,0.0,0,,28.4,86,7.5,45.0,0.0,synthetic_climatology,2026-08-15 12:30:00,0.4,0.0
W-20260815-1830,U01,6,0,0.0,0,,26.3,89,6.1,247.5,0.0,synthetic_climatology,2026-08-15 18:30:00,0.0,0.0
W-20260815-1830,U02,7,0,0.0,0,,26.3,89,6.1,247.5,0.0,synthetic_climatology,2026-08-15 18:30:00,0.14285714285714285,0.0
W-20260815-1830,U03,5,0,0.0,0,,26.3,89,6.1,247.5,0.0,synthetic_climatology,2026-08-15 18:30:00,0.0,0.0
W-20260815-2200,U01,7,3,0.42857142857142855,0,구분 어려움,22.8,100,2.1,67.5,0.0,synthetic_climatology,2026-08-15 22:00:00,0.0,0.0
W-20260815-2200,U02,6,3,0.5,1,구분 어려움,22.8,100,2.1,67.5,0.0,synthetic_climatology,2026-08-15 22:00:00,0.0,0.0
W-20260815-2200,U03,5,0,0.0,0,,22.8,100,2.1,67.5,0.0,synthetic_climatology,2026-08-15 22:00:00,0.0,0.0
W-20260816-0730,U01,6,3,0.5,1,구분 어려움,18.9,94,1.8,247.5,0.0,synthetic_climatology,2026-08-16 07:30:00,0.42857142857142855,0.0
W-20260816-0730,U02,7,1,0.14285714285714285,0,구분 어려움,18.9,94,1.8,247.5,0.0,synthetic_climatology,2026-08-16 07:30:00,0.5,1.0
W-20260816-0730,U03,6,1,0.16666666666666666,0,축산계 추정,18.9,94,1.8,247.5,0.0,synthetic_climatology,2026-08-16 07:30:00,0.0,0.0
W-20260816-1230,U01,6,0,0.0,0,,26.2,78,4.4,202.5,0.0,synthetic_climatology,2026-08-16 12:30:00,0.5,1.0
W-20260816-1230,U02,7,0,0.0,0,,26.2,78,4.4,202.5,0.0,synthetic_climatology,2026-08-16 12:30:00,0.14285714285714285,0.0
W-20260816-1230,U03,6,0,0.0,0,,26.2,78,4.4,202.5,0.0,synthetic_climatology,2026-08-16 12:30:00,0.16666666666666666,0.0
W-20260816-1830,U01,7,0,0.0,0,,23.1,80,3.0,135.0,0.0,synthetic_climatology,2026-08-16 18:30:00,0.0,0.0
W-20260816-1830,U02,7,0,0.0,0,,23.1,80,3.0,135.0,0.0,synthetic_climatology,2026-08-16 18:30:00,0.0,0.0
W-20260816-1830,U03,6,0,0.0,0,,23.1,80,3.0,135.0,0.0,synthetic_climatology,2026-08-16 18:30:00,0.0,0.0
W-20260816-2200,U01,5,4,0.8,1,축산계 추정,19.8,100,0.3,45.0,0.0,synthetic_climatology,2026-08-16 22:00:00,0.0,0.0
W-20260816-2200,U02,7,4,0.5714285714285714,1,축산계 추정,19.8,100,0.3,45.0,0.0,synthetic_climatology,2026-08-16 22:00:00,0.0,0.0
W-20260816-2200,U03,4,1,0.25,0,하수계 추정,19.8,100,0.3,45.0,0.0,synthetic_climatology,2026-08-16 22:00:00,0.0,0.0
W-20260817-0730,U01,7,1,0.14285714285714285,0,구분 어려움,17.1,92,1.3,90.0,0.0,synthetic_climatology,2026-08-17 07:30:00,0.8,1.0
W-20260817-0730,U02,6,1,0.16666666666666666,0,구분 어려움,17.1,92,1.3,90.0,0.0,synthetic_climatology,2026-08-17 07:30:00,0.5714285714285714,1.0
W-20260817-0730,U03,5,1,0.2,0,구분 어려움,17.1,92,1.3,90.0,0.0,synthetic_climatology,2026-08-17 07:30:00,0.25,0.0
W-20260817-1230,U01,6,1,0.16666666666666666,0,축산계 추정,25.0,68,4.2,270.0,0.0,synthetic_climatology,2026-08-17 12:30:00,0.14285714285714285,0.0
W-20260817-1230,U02,6,1,0.16666666666666666,0,기타,25.0,68,4.2,270.0,0.0,synthetic_climatology,2026-08-17 12:30:00,0.16666666666666666,0.0
W-20260817-1230,U03,6,1,0.16666666666666666,0,축산계 추정,25.0,68,4.2,270.0,0.0,synthetic_climatology,2026-08-17 12:30:00,0.2,0.0
W-20260817-1830,U01,7,3,0.42857142857142855,0,축산계 추정,22.0,75,3.1,247.5,0.0,synthetic_climatology,2026-08-17 18:30:00,0.16666666666666666,0.0
W-20260817-1830,U02,6,0,0.0,0,,22.0,75,3.1,247.5,0.0,synthetic_climatology,2026-08-17 18:30:00,0.16666666666666666,0.0
W-20260817-1830,U03,5,0,0.0,0,,22.0,75,3.1,247.5,0.0,synthetic_climatology,2026-08-17 18:30:00,0.16666666666666666,0.0
W-20260817-2200,U01,7,1,0.14285714285714285,0,하수계 추정,18.7,89,0.3,135.0,0.0,synthetic_climatology,2026-08-17 22:00:00,0.42857142857142855,0.0
W-20260817-2200,U02,7,2,0.2857142857142857,0,하수계 추정,18.7,89,0.3,135.0,0.0,synthetic_climatology,2026-08-17 22:00:00,0.0,0.0
W-20260817-2200,U03,5,1,0.2,0,하수계 추정,18.7,89,0.3,135.0,0.0,synthetic_climatology,2026-08-17 22:00:00,0.0,0.0
W-20260818-0730,U01,7,0,0.0,0,,20.2,87,0.8,0.0,0.0,synthetic_climatology,2026-08-18 07:30:00,0.14285714285714285,0.0
W-20260818-0730,U02,7,0,0.0,0,,20.2,87,0.8,0.0,0.0,synthetic_climatology,2026-08-18 07:30:00,0.2857142857142857,0.0
W-20260818-0730,U03,6,0,0.0,0,,20.2,87,0.8,0.0,0.0,synthetic_climatology,2026-08-18 07:30:00,0.2,0.0
W-20260818-1230,U01,7,1,0.14285714285714285,0,구분 어려움,26.7,59,3.6,135.0,0.0,synthetic_climatology,2026-08-18 12:30:00,0.0,0.0
W-20260818-1230,U02,6,1,0.16666666666666666,0,축산계 추정,26.7,59,3.6,135.0,0.0,synthetic_climatology,2026-08-18 12:30:00,0.0,0.0
W-20260818-1230,U03,6,0,0.0,0,,26.7,59,3.6,135.0,0.0,synthetic_climatology,2026-08-18 12:30:00,0.0,0.0
W-20260818-1830,U01,7,0,0.0,0,,24.2,62,1.2,157.5,0.0,synthetic_climatology,2026-08-18 18:30:00,0.14285714285714285,0.0
W-20260818-1830,U02,6,0,0.0,0,,24.2,62,1.2,157.5,0.0,synthetic_climatology,2026-08-18 18:30:00,0.16666666666666666,0.0
W-20260818-1830,U03,6,1,0.16666666666666666,0,축산계 추정,24.2,62,1.2,157.5,0.0,synthetic_climatology,2026-08-18 18:30:00,0.0,0.0
W-20260818-2200,U01,7,1,0.14285714285714285,0,축산계 추정,20.7,84,0.6,67.5,0.0,synthetic_climatology,2026-08-18 22:00:00,0.0,0.0
W-20260818-2200,U02,7,1,0.14285714285714285,0,축산계 추정,20.7,84,0.6,67.5,0.0,synthetic_climatology,2026-08-18 22:00:00,0.0,0.0
W-20260818-2200,U03,6,1,0.16666666666666666,0,구분 어려움,20.7,84,0.6,67.5,0.0,synthetic_climatology,2026-08-18 22:00:00,0.16666666666666666,0.0
W-20260819-0730,U01,6,2,0.3333333333333333,0,하수계 추정,17.5,92,1.2,247.5,0.0,synthetic_climatology,2026-08-19 07:30:00,0.14285714285714285,0.0
W-20260819-0730,U02,7,0,0.0,0,,17.5,92,1.2,247.5,0.0,synthetic_climatology,2026-08-19 07:30:00,0.14285714285714285,0.0
W-20260819-0730,U03,5,0,0.0,0,,17.5,92,1.2,247.5,0.0,synthetic_climatology,2026-08-19 07:30:00,0.16666666666666666,0.0
W-20260819-1230,U01,7,0,0.0,0,,24.8,68,4.0,135.0,0.0,synthetic_climatology,2026-08-19 12:30:00,0.3333333333333333,0.0
W-20260819-1230,U02,7,1,0.14285714285714285,0,구분 어려움,24.8,68,4.0,135.0,0.0,synthetic_climatology,2026-08-19 12:30:00,0.0,0.0
W-20260819-1230,U03,5,0,0.0,0,,24.8,68,4.0,135.0,0.0,synthetic_climatology,2026-08-19 12:30:00,0.0,0.0
W-20260819-1830,U01,7,1,0.14285714285714285,0,축산계 추정,20.7,79,1.7,247.5,0.0,synthetic_climatology,2026-08-19 18:30:00,0.0,0.0
W-20260819-1830,U02,7,0,0.0,0,,20.7,79,1.7,247.5,0.0,synthetic_climatology,2026-08-19 18:30:00,0.14285714285714285,0.0
W-20260819-1830,U03,5,0,0.0,0,,20.7,79,1.7,247.5,0.0,synthetic_climatology,2026-08-19 18:30:00,0.0,0.0
W-20260819-2200,U01,6,3,0.5,1,하수계 추정,18.8,90,1.3,202.5,0.0,synthetic_climatology,2026-08-19 22:00:00,0.14285714285714285,0.0
W-20260819-2200,U02,6,0,0.0,0,,18.8,90,1.3,202.5,0.0,synthetic_climatology,2026-08-19 22:00:00,0.0,0.0
W-20260819-2200,U03,5,1,0.2,0,하수계 추정,18.8,90,1.3,202.5,0.0,synthetic_climatology,2026-08-19 22:00:00,0.0,0.0
W-20260820-0730,U01,7,0,0.0,0,,18.6,71,1.4,225.0,0.0,synthetic_climatology,2026-08-20 07:30:00,0.5,1.0
W-20260820-0730,U02,7,1,0.14285714285714285,0,축산계 추정,18.6,71,1.4,225.0,0.0,synthetic_climatology,2026-08-20 07:30:00,0.0,0.0
W-20260820-0730,U03,6,1,0.16666666666666666,0,구분 어려움,18.6,71,1.4,225.0,0.0,synthetic_climatology,2026-08-20 07:30:00,0.2,0.0
W-20260820-1230,U01,7,1,0.14285714285714285,0,기타,25.4,49,0.5,180.0,0.0,synthetic_climatology,2026-08-20 12:30:00,0.0,0.0
W-20260820-1230,U02,5,0,0.0,0,,25.4,49,0.5,180.0,0.0,synthetic_climatology,2026-08-20 12:30:00,0.14285714285714285,0.0
W-20260820-1230,U03,5,0,0.0,0,,25.4,49,0.5,180.0,0.0,synthetic_climatology,2026-08-20 12:30:00,0.16666666666666666,0.0
W-20260820-1830,U01,6,0,0.0,0,,23.1,62,1.9,247.5,0.0,synthetic_climatology,2026-08-20 18:30:00,0.14285714285714285,0.0
W-20260820-1830,U02,7,0,0.0,0,,23.1,62,1.9,247.5,0.0,synthetic_climatology,2026-08-20 18:30:00,0.0,0.0
W-20260820-1830,U03,6,1,0.16666666666666666,0,기타,23.1,62,1.9,247.5,0.0,synthetic_climatology,2026-08-20 18:30:00,0.0,0.0
W-20260820-2200,U01,5,0,0.0,0,,19.5,75,0.5,225.0,0.0,synthetic_climatology,2026-08-20 22:00:00,0.0,0.0
W-20260820-2200,U02,7,2,0.2857142857142857,0,축산계 추정,19.5,75,0.5,225.0,0.0,synthetic_climatology,2026-08-20 22:00:00,0.0,0.0
W-20260820-2200,U03,6,3,0.5,1,하수계 추정,19.5,75,0.5,225.0,0.0,synthetic_climatology,2026-08-20 22:00:00,0.16666666666666666,0.0
W-20260821-0730,U01,7,1,0.14285714285714285,0,축산계 추정,15.4,82,0.8,90.0,1.5,synthetic_climatology,2026-08-21 07:30:00,0.0,0.0
W-20260821-0730,U02,7,2,0.2857142857142857,0,축산계 추정,15.4,82,0.8,90.0,1.5,synthetic_climatology,2026-08-21 07:30:00,0.2857142857142857,0.0
W-20260821-0730,U03,4,0,0.0,0,,15.4,82,0.8,90.0,1.5,synthetic_climatology,2026-08-21 07:30:00,0.5,1.0
W-20260821-1230,U01,7,0,0.0,0,,25.3,62,1.3,135.0,1.0,synthetic_climatology,2026-08-21 12:30:00,0.14285714285714285,0.0
W-20260821-1230,U02,7,1,0.14285714285714285,0,축산계 추정,25.3,62,1.3,135.0,1.0,synthetic_climatology,2026-08-21 12:30:00,0.2857142857142857,0.0
W-20260821-1230,U03,6,0,0.0,0,,25.3,62,1.3,135.0,1.0,synthetic_climatology,2026-08-21 12:30:00,0.0,0.0
W-20260821-1830,U01,7,1,0.14285714285714285,0,하수계 추정,21.6,68,2.1,112.5,0.0,synthetic_climatology,2026-08-21 18:30:00,0.0,0.0
W-20260821-1830,U02,7,2,0.2857142857142857,0,축산계 추정,21.6,68,2.1,112.5,0.0,synthetic_climatology,2026-08-21 18:30:00,0.14285714285714285,0.0
W-20260821-1830,U03,6,1,0.16666666666666666,0,축산계 추정,21.6,68,2.1,112.5,0.0,synthetic_climatology,2026-08-21 18:30:00,0.0,0.0
W-20260821-2200,U01,7,2,0.2857142857142857,0,하수계 추정,17.1,81,1.0,157.5,0.0,synthetic_climatology,2026-08-21 22:00:00,0.14285714285714285,0.0
W-20260821-2200,U02,6,2,0.3333333333333333,0,축산계 추정,17.1,81,1.0,157.5,0.0,synthetic_climatology,2026-08-21 22:00:00,0.2857142857142857,0.0
W-20260821-2200,U03,5,2,0.4,0,하수계 추정,17.1,81,1.0,157.5,0.0,synthetic_climatology,2026-08-21 22:00:00,0.16666666666666666,0.0
W-20260822-0730,U01,6,0,0.0,0,,19.2,80,0.7,225.0,0.0,synthetic_climatology,2026-08-22 07:30:00,0.2857142857142857,0.0
W-20260822-0730,U02,6,1,0.16666666666666666,0,축산계 추정,19.2,80,0.7,225.0,0.0,synthetic_climatology,2026-08-22 07:30:00,0.3333333333333333,0.0
W-20260822-0730,U03,6,0,0.0,0,,19.2,80,0.7,225.0,0.0,synthetic_climatology,2026-08-22 07:30:00,0.4,0.0
W-20260822-1230,U01,6,2,0.3333333333333333,0,기타,26.4,54,2.0,225.0,0.0,synthetic_climatology,2026-08-22 12:30:00,0.0,0.0
W-20260822-1230,U02,6,0,0.0,0,,26.4,54,2.0,225.0,0.0,synthetic_climatology,2026-08-22 12:30:00,0.16666666666666666,0.0
W-20260822-1230,U03,6,0,0.0,0,,26.4,54,2.0,225.0,0.0,synthetic_climatology,2026-08-22 12:30:00,0.0,0.0
W-20260822-1830,U01,5,0,0.0,0,,23.5,72,1.6,0.0,0.0,synthetic_climatology,2026-08-22 18:30:00,0.3333333333333333,0.0
W-20260822-1830,U02,5,1,0.2,0,하수계 추정,23.5,72,1.6,0.0,0.0,synthetic_climatology,2026-08-22 18:30:00,0.0,0.0
W-20260822-1830,U03,6,0,0.0,0,,23.5,72,1.6,0.0,0.0,synthetic_climatology,2026-08-22 18:30:00,0.0,0.0
W-20260822-2200,U01,7,1,0.14285714285714285,0,하수계 추정,19.6,83,1.6,0.0,0.0,synthetic_climatology,2026-08-22 22:00:00,0.0,0.0
W-20260822-2200,U02,6,0,0.0,0,,19.6,83,1.6,0.0,0.0,synthetic_climatology,2026-08-22 22:00:00,0.2,0.0
W-20260822-2200,U03,6,0,0.0,0,,19.6,83,1.6,0.0,0.0,synthetic_climatology,2026-08-22 22:00:00,0.0,0.0
W-20260823-0730,U01,7,0,0.0,0,,20.0,80,0.9,135.0,0.0,synthetic_climatology,2026-08-23 07:30:00,0.14285714285714285,0.0
W-20260823-0730,U02,7,0,0.0,0,,20.0,80,0.9,135.0,0.0,synthetic_climatology,2026-08-23 07:30:00,0.0,0.0
W-20260823-0730,U03,5,1,0.2,0,하수계 추정,20.0,80,0.9,135.0,0.0,synthetic_climatology,2026-08-23 07:30:00,0.0,0.0
W-20260823-1230,U01,7,0,0.0,0,,27.3,59,1.7,225.0,0.0,synthetic_climatology,2026-08-23 12:30:00,0.0,0.0
W-20260823-1230,U02,7,1,0.14285714285714285,0,축산계 추정,27.3,59,1.7,225.0,0.0,synthetic_climatology,2026-08-23 12:30:00,0.0,0.0
W-20260823-1230,U03,5,2,0.4,0,기타,27.3,59,1.7,225.0,0.0,synthetic_climatology,2026-08-23 12:30:00,0.2,0.0
W-20260823-1830,U01,6,0,0.0,0,,25.3,66,6.2,202.5,0.0,synthetic_climatology,2026-08-23 18:30:00,0.0,0.0
W-20260823-1830,U02,6,0,0.0,0,,25.3,66,6.2,202.5,0.0,synthetic_climatology,2026-08-23 18:30:00,0.14285714285714285,0.0
W-20260823-1830,U03,6,0,0.0,0,,25.3,66,6.2,202.5,0.0,synthetic_climatology,2026-08-23 18:30:00,0.4,0.0
W-20260823-2200,U01,7,5,0.7142857142857143,1,축산계 추정,22.2,76,0.8,315.0,0.0,synthetic_climatology,2026-08-23 22:00:00,0.0,0.0
W-20260823-2200,U02,7,3,0.42857142857142855,0,하수계 추정,22.2,76,0.8,315.0,0.0,synthetic_climatology,2026-08-23 22:00:00,0.0,0.0
W-20260823-2200,U03,4,2,0.5,1,하수계 추정,22.2,76,0.8,315.0,0.0,synthetic_climatology,2026-08-23 22:00:00,0.0,0.0
W-20260824-0730,U01,6,1,0.16666666666666666,0,축산계 추정,18.6,75,1.7,180.0,0.0,synthetic_climatology,2026-08-24 07:30:00,0.7142857142857143,1.0
W-20260824-0730,U02,7,2,0.2857142857142857,0,하수계 추정,18.6,75,1.7,180.0,0.0,synthetic_climatology,2026-08-24 07:30:00,0.42857142857142855,0.0
W-20260824-0730,U03,6,4,0.6666666666666666,1,하수계 추정,18.6,75,1.7,180.0,0.0,synthetic_climatology,2026-08-24 07:30:00,0.5,1.0
W-20260824-1230,U01,7,0,0.0,0,,27.1,47,3.5,225.0,0.0,synthetic_climatology,2026-08-24 12:30:00,0.16666666666666666,0.0
W-20260824-1230,U02,7,0,0.0,0,,27.1,47,3.5,225.0,0.0,synthetic_climatology,2026-08-24 12:30:00,0.2857142857142857,0.0
W-20260824-1230,U03,6,0,0.0,0,,27.1,47,3.5,225.0,0.0,synthetic_climatology,2026-08-24 12:30:00,0.6666666666666666,1.0
W-20260824-1830,U01,7,0,0.0,0,,22.7,54,3.2,225.0,0.0,synthetic_climatology,2026-08-24 18:30:00,0.0,0.0
W-20260824-1830,U02,7,1,0.14285714285714285,0,축산계 추정,22.7,54,3.2,225.0,0.0,synthetic_climatology,2026-08-24 18:30:00,0.0,0.0
W-20260824-1830,U03,5,0,0.0,0,,22.7,54,3.2,225.0,0.0,synthetic_climatology,2026-08-24 18:30:00,0.0,0.0
W-20260824-2200,U01,7,0,0.0,0,,20.8,76,1.4,180.0,0.0,synthetic_climatology,2026-08-24 22:00:00,0.0,0.0
W-20260824-2200,U02,5,0,0.0,0,,20.8,76,1.4,180.0,0.0,synthetic_climatology,2026-08-24 22:00:00,0.14285714285714285,0.0
W-20260824-2200,U03,6,1,0.16666666666666666,0,구분 어려움,20.8,76,1.4,180.0,0.0,synthetic_climatology,2026-08-24 22:00:00,0.0,0.0
W-20260825-0730,U01,5,2,0.4,0,하수계 추정,18.6,78,1.2,90.0,0.0,synthetic_climatology,2026-08-25 07:30:00,0.0,0.0
W-20260825-0730,U02,6,0,0.0,0,,18.6,78,1.2,90.0,0.0,synthetic_climatology,2026-08-25 07:30:00,0.0,0.0
W-20260825-0730,U03,6,0,0.0,0,,18.6,78,1.2,90.0,0.0,synthetic_climatology,2026-08-25 07:30:00,0.16666666666666666,0.0
W-20260825-1230,U01,6,0,0.0,0,,26.1,54,2.3,90.0,0.0,synthetic_climatology,2026-08-25 12:30:00,0.4,0.0
W-20260825-1230,U02,6,0,0.0,0,,26.1,54,2.3,90.0,0.0,synthetic_climatology,2026-08-25 12:30:00,0.0,0.0
W-20260825-1230,U03,6,2,0.3333333333333333,0,축산계 추정,26.1,54,2.3,90.0,0.0,synthetic_climatology,2026-08-25 12:30:00,0.0,0.0
W-20260825-1830,U01,7,0,0.0,0,,23.3,61,5.3,135.0,0.0,synthetic_climatology,2026-08-25 18:30:00,0.0,0.0
W-20260825-1830,U02,7,0,0.0,0,,23.3,61,5.3,135.0,0.0,synthetic_climatology,2026-08-25 18:30:00,0.0,0.0
W-20260825-1830,U03,5,0,0.0,0,,23.3,61,5.3,135.0,0.0,synthetic_climatology,2026-08-25 18:30:00,0.3333333333333333,0.0
W-20260825-2200,U01,6,0,0.0,0,,18.6,71,1.5,90.0,0.0,synthetic_climatology,2026-08-25 22:00:00,0.0,0.0
W-20260825-2200,U02,7,0,0.0,0,,18.6,71,1.5,90.0,0.0,synthetic_climatology,2026-08-25 22:00:00,0.0,0.0
W-20260825-2200,U03,5,1,0.2,0,구분 어려움,18.6,71,1.5,90.0,0.0,synthetic_climatology,2026-08-25 22:00:00,0.0,0.0
W-20260826-0730,U01,7,3,0.42857142857142855,0,구분 어려움,16.0,95,1.1,225.0,0.0,synthetic_climatology,2026-08-26 07:30:00,0.0,0.0
W-20260826-0730,U02,7,3,0.42857142857142855,0,축산계 추정,16.0,95,1.1,225.0,0.0,synthetic_climatology,2026-08-26 07:30:00,0.0,0.0
W-20260826-0730,U03,6,2,0.3333333333333333,0,축산계 추정,16.0,95,1.1,225.0,0.0,synthetic_climatology,2026-08-26 07:30:00,0.2,0.0
W-20260826-1230,U01,6,0,0.0,0,,23.4,65,3.4,67.5,0.0,synthetic_climatology,2026-08-26 12:30:00,0.42857142857142855,0.0
W-20260826-1230,U02,6,0,0.0,0,,23.4,65,3.4,67.5,0.0,synthetic_climatology,2026-08-26 12:30:00,0.42857142857142855,0.0
W-20260826-1230,U03,6,0,0.0,0,,23.4,65,3.4,67.5,0.0,synthetic_climatology,2026-08-26 12:30:00,0.3333333333333333,0.0
W-20260826-1830,U01,7,1,0.14285714285714285,0,축산계 추정,21.2,80,1.3,67.5,9.0,synthetic_climatology,2026-08-26 18:30:00,0.0,0.0
W-20260826-1830,U02,7,0,0.0,0,,21.2,80,1.3,67.5,9.0,synthetic_climatology,2026-08-26 18:30:00,0.0,0.0
W-20260826-1830,U03,6,0,0.0,0,,21.2,80,1.3,67.5,9.0,synthetic_climatology,2026-08-26 18:30:00,0.0,0.0
W-20260826-2200,U01,7,2,0.2857142857142857,0,축산계 추정,16.1,96,3.0,45.0,2.5,synthetic_climatology,2026-08-26 22:00:00,0.14285714285714285,0.0
W-20260826-2200,U02,6,1,0.16666666666666666,0,축산계 추정,16.1,96,3.0,45.0,2.5,synthetic_climatology,2026-08-26 22:00:00,0.0,0.0
W-20260826-2200,U03,5,1,0.2,0,구분 어려움,16.1,96,3.0,45.0,2.5,synthetic_climatology,2026-08-26 22:00:00,0.0,0.0
W-20260827-0730,U01,7,0,0.0,0,,19.1,90,1.4,315.0,0.0,synthetic_climatology,2026-08-27 07:30:00,0.2857142857142857,0.0
W-20260827-0730,U02,6,0,0.0,0,,19.1,90,1.4,315.0,0.0,synthetic_climatology,2026-08-27 07:30:00,0.16666666666666666,0.0
W-20260827-0730,U03,6,0,0.0,0,,19.1,90,1.4,315.0,0.0,synthetic_climatology,2026-08-27 07:30:00,0.2,0.0
W-20260827-1230,U01,7,1,0.14285714285714285,0,하수계 추정,24.0,65,0.7,45.0,0.0,synthetic_climatology,2026-08-27 12:30:00,0.0,0.0
W-20260827-1230,U02,7,0,0.0,0,,24.0,65,0.7,45.0,0.0,synthetic_climatology,2026-08-27 12:30:00,0.0,0.0
W-20260827-1230,U03,6,2,0.3333333333333333,0,축산계 추정,24.0,65,0.7,45.0,0.0,synthetic_climatology,2026-08-27 12:30:00,0.0,0.0
W-20260827-1830,U01,6,1,0.16666666666666666,0,하수계 추정,23.3,74,1.0,225.0,0.0,synthetic_climatology,2026-08-27 18:30:00,0.14285714285714285,0.0
W-20260827-1830,U02,7,1,0.14285714285714285,0,축산계 추정,23.3,74,1.0,225.0,0.0,synthetic_climatology,2026-08-27 18:30:00,0.0,0.0
W-20260827-1830,U03,5,1,0.2,0,기타,23.3,74,1.0,225.0,0.0,synthetic_climatology,2026-08-27 18:30:00,0.3333333333333333,0.0
W-20260827-2200,U01,6,4,0.6666666666666666,1,구분 어려움,19.6,87,0.3,67.5,0.0,synthetic_climatology,2026-08-27 22:00:00,0.16666666666666666,0.0
W-20260827-2200,U02,7,6,0.8571428571428571,1,구분 어려움,19.6,87,0.3,67.5,0.0,synthetic_climatology,2026-08-27 22:00:00,0.14285714285714285,0.0
W-20260827-2200,U03,6,2,0.3333333333333333,0,축산계 추정,19.6,87,0.3,67.5,0.0,synthetic_climatology,2026-08-27 22:00:00,0.2,0.0
W-20260828-0730,U01,7,1,0.14285714285714285,0,구분 어려움,19.6,84,0.7,292.5,0.0,synthetic_climatology,2026-08-28 07:30:00,0.6666666666666666,1.0
W-20260828-0730,U02,7,2,0.2857142857142857,0,구분 어려움,19.6,84,0.7,292.5,0.0,synthetic_climatology,2026-08-28 07:30:00,0.8571428571428571,1.0
W-20260828-0730,U03,5,2,0.4,0,구분 어려움,19.6,84,0.7,292.5,0.0,synthetic_climatology,2026-08-28 07:30:00,0.3333333333333333,0.0
W-20260828-1230,U01,7,0,0.0,0,,26.0,63,7.5,202.5,0.0,synthetic_climatology,2026-08-28 12:30:00,0.14285714285714285,0.0
W-20260828-1230,U02,7,0,0.0,0,,26.0,63,7.5,202.5,0.0,synthetic_climatology,2026-08-28 12:30:00,0.2857142857142857,0.0
W-20260828-1230,U03,6,0,0.0,0,,26.0,63,7.5,202.5,0.0,synthetic_climatology,2026-08-28 12:30:00,0.4,0.0
W-20260828-1830,U01,6,0,0.0,0,,23.4,82,3.1,90.0,0.0,synthetic_climatology,2026-08-28 18:30:00,0.0,0.0
W-20260828-1830,U02,7,0,0.0,0,,23.4,82,3.1,90.0,0.0,synthetic_climatology,2026-08-28 18:30:00,0.0,0.0
W-20260828-1830,U03,5,0,0.0,0,,23.4,82,3.1,90.0,0.0,synthetic_climatology,2026-08-28 18:30:00,0.0,0.0
W-20260828-2200,U01,7,5,0.7142857142857143,1,축산계 추정,20.8,90,0.7,67.5,0.0,synthetic_climatology,2026-08-28 22:00:00,0.0,0.0
W-20260828-2200,U02,7,6,0.8571428571428571,1,축산계 추정,20.8,90,0.7,67.5,0.0,synthetic_climatology,2026-08-28 22:00:00,0.0,0.0
W-20260828-2200,U03,5,3,0.6,1,기타,20.8,90,0.7,67.5,0.0,synthetic_climatology,2026-08-28 22:00:00,0.0,0.0
W-20260829-0730,U01,6,0,0.0,0,,17.6,80,1.8,270.0,0.0,synthetic_climatology,2026-08-29 07:30:00,0.7142857142857143,1.0
W-20260829-0730,U02,5,0,0.0,0,,17.6,80,1.8,270.0,0.0,synthetic_climatology,2026-08-29 07:30:00,0.8571428571428571,1.0
W-20260829-0730,U03,6,0,0.0,0,,17.6,80,1.8,270.0,0.0,synthetic_climatology,2026-08-29 07:30:00,0.6,1.0
W-20260829-1230,U01,7,0,0.0,0,,24.6,64,3.6,180.0,0.0,synthetic_climatology,2026-08-29 12:30:00,0.0,0.0
W-20260829-1230,U02,6,0,0.0,0,,24.6,64,3.6,180.0,0.0,synthetic_climatology,2026-08-29 12:30:00,0.0,0.0
W-20260829-1230,U03,5,0,0.0,0,,24.6,64,3.6,180.0,0.0,synthetic_climatology,2026-08-29 12:30:00,0.0,0.0
W-20260829-1830,U01,6,1,0.16666666666666666,0,구분 어려움,22.9,76,2.3,225.0,0.0,synthetic_climatology,2026-08-29 18:30:00,0.0,0.0
W-20260829-1830,U02,7,0,0.0,0,,22.9,76,2.3,225.0,0.0,synthetic_climatology,2026-08-29 18:30:00,0.0,0.0
W-20260829-1830,U03,5,0,0.0,0,,22.9,76,2.3,225.0,0.0,synthetic_climatology,2026-08-29 18:30:00,0.0,0.0
W-20260829-2200,U01,6,5,0.8333333333333334,1,축산계 추정,20.3,83,1.7,67.5,0.0,synthetic_climatology,2026-08-29 22:00:00,0.16666666666666666,0.0
W-20260829-2200,U02,7,5,0.7142857142857143,1,축산계 추정,20.3,83,1.7,67.5,0.0,synthetic_climatology,2026-08-29 22:00:00,0.0,0.0
W-20260829-2200,U03,6,5,0.8333333333333334,1,축산계 추정,20.3,83,1.7,67.5,0.0,synthetic_climatology,2026-08-29 22:00:00,0.0,0.0
W-20260830-0730,U01,7,0,0.0,0,,18.9,87,3.4,247.5,0.0,synthetic_climatology,2026-08-30 07:30:00,0.8333333333333334,1.0
W-20260830-0730,U02,7,0,0.0,0,,18.9,87,3.4,247.5,0.0,synthetic_climatology,2026-08-30 07:30:00,0.7142857142857143,1.0
W-20260830-0730,U03,5,0,0.0,0,,18.9,87,3.4,247.5,0.0,synthetic_climatology,2026-08-30 07:30:00,0.8333333333333334,1.0
W-20260830-1230,U01,6,0,0.0,0,,25.6,48,3.7,337.5,0.0,synthetic_climatology,2026-08-30 12:30:00,0.0,0.0
W-20260830-1230,U02,7,0,0.0,0,,25.6,48,3.7,337.5,0.0,synthetic_climatology,2026-08-30 12:30:00,0.0,0.0
W-20260830-1230,U03,6,0,0.0,0,,25.6,48,3.7,337.5,0.0,synthetic_climatology,2026-08-30 12:30:00,0.0,0.0
W-20260830-1830,U01,7,3,0.42857142857142855,0,축산계 추정,22.9,56,2.8,90.0,0.0,synthetic_climatology,2026-08-30 18:30:00,0.0,0.0
W-20260830-1830,U02,5,1,0.2,0,축산계 추정,22.9,56,2.8,90.0,0.0,synthetic_climatology,2026-08-30 18:30:00,0.0,0.0
W-20260830-1830,U03,5,0,0.0,0,,22.9,56,2.8,90.0,0.0,synthetic_climatology,2026-08-30 18:30:00,0.0,0.0
W-20260830-2200,U01,5,1,0.2,0,구분 어려움,20.0,77,0.7,45.0,0.0,synthetic_climatology,2026-08-30 22:00:00,0.42857142857142855,0.0
W-20260830-2200,U02,7,3,0.42857142857142855,0,축산계 추정,20.0,77,0.7,45.0,0.0,synthetic_climatology,2026-08-30 22:00:00,0.2,0.0
W-20260830-2200,U03,5,3,0.6,1,축산계 추정,20.0,77,0.7,45.0,0.0,synthetic_climatology,2026-08-30 22:00:00,0.0,0.0
W-20260831-0730,U01,7,2,0.2857142857142857,0,하수계 추정,20.5,88,1.3,180.0,0.0,synthetic_climatology,2026-08-31 07:30:00,0.2,0.0
W-20260831-0730,U02,7,1,0.14285714285714285,0,하수계 추정,20.5,88,1.3,180.0,0.0,synthetic_climatology,2026-08-31 07:30:00,0.42857142857142855,0.0
W-20260831-0730,U03,6,0,0.0,0,,20.5,88,1.3,180.0,0.0,synthetic_climatology,2026-08-31 07:30:00,0.6,1.0
W-20260831-1230,U01,7,0,0.0,0,,27.8,60,3.4,45.0,0.0,synthetic_climatology,2026-08-31 12:30:00,0.2857142857142857,0.0
W-20260831-1230,U02,7,0,0.0,0,,27.8,60,3.4,45.0,0.0,synthetic_climatology,2026-08-31 12:30:00,0.14285714285714285,0.0
W-20260831-1230,U03,6,0,0.0,0,,27.8,60,3.4,45.0,0.0,synthetic_climatology,2026-08-31 12:30:00,0.0,0.0
W-20260831-1830,U01,6,1,0.16666666666666666,0,하수계 추정,24.8,70,2.6,270.0,0.0,synthetic_climatology,2026-08-31 18:30:00,0.0,0.0
W-20260831-1830,U02,7,0,0.0,0,,24.8,70,2.6,270.0,0.0,synthetic_climatology,2026-08-31 18:30:00,0.0,0.0
W-20260831-1830,U03,6,1,0.16666666666666666,0,축산계 추정,24.8,70,2.6,270.0,0.0,synthetic_climatology,2026-08-31 18:30:00,0.0,0.0
W-20260831-2200,U01,6,0,0.0,0,,21.7,83,0.8,292.5,0.0,synthetic_climatology,2026-08-31 22:00:00,0.16666666666666666,0.0
W-20260831-2200,U02,6,0,0.0,0,,21.7,83,0.8,292.5,0.0,synthetic_climatology,2026-08-31 22:00:00,0.0,0.0
W-20260831-2200,U03,6,0,0.0,0,,21.7,83,0.8,292.5,0.0,synthetic_climatology,2026-08-31 22:00:00,0.16666666666666666,0.0
W-20260901-0730,U01,7,0,0.0,0,,17.1,81,2.0,270.0,4.0,synthetic_climatology,2026-09-01 07:30:00,0.0,0.0
W-20260901-0730,U02,7,0,0.0,0,,17.1,81,2.0,270.0,4.0,synthetic_climatology,2026-09-01 07:30:00,0.0,0.0
W-20260901-0730,U03,6,0,0.0,0,,17.1,81,2.0,270.0,4.0,synthetic_climatology,2026-09-01 07:30:00,0.0,0.0
W-20260901-1230,U01,7,0,0.0,0,,25.3,59,2.9,270.0,0.0,synthetic_climatology,2026-09-01 12:30:00,0.0,0.0
W-20260901-1230,U02,6,0,0.0,0,,25.3,59,2.9,270.0,0.0,synthetic_climatology,2026-09-01 12:30:00,0.0,0.0
W-20260901-1230,U03,6,0,0.0,0,,25.3,59,2.9,270.0,0.0,synthetic_climatology,2026-09-01 12:30:00,0.0,0.0
W-20260901-1830,U01,6,0,0.0,0,,21.7,67,1.0,270.0,1.0,synthetic_climatology,2026-09-01 18:30:00,0.0,0.0
W-20260901-1830,U02,7,0,0.0,0,,21.7,67,1.0,270.0,1.0,synthetic_climatology,2026-09-01 18:30:00,0.0,0.0
W-20260901-1830,U03,6,0,0.0,0,,21.7,67,1.0,270.0,1.0,synthetic_climatology,2026-09-01 18:30:00,0.0,0.0
W-20260901-2200,U01,6,0,0.0,0,,18.4,82,1.1,292.5,0.0,synthetic_climatology,2026-09-01 22:00:00,0.0,0.0
W-20260901-2200,U02,5,0,0.0,0,,18.4,82,1.1,292.5,0.0,synthetic_climatology,2026-09-01 22:00:00,0.0,0.0
W-20260901-2200,U03,5,0,0.0,0,,18.4,82,1.1,292.5,0.0,synthetic_climatology,2026-09-01 22:00:00,0.0,0.0
W-20260902-0730,U01,6,1,0.16666666666666666,0,구분 어려움,18.2,72,1.0,67.5,0.0,synthetic_climatology,2026-09-02 07:30:00,0.0,0.0
W-20260902-0730,U02,6,3,0.5,1,하수계 추정,18.2,72,1.0,67.5,0.0,synthetic_climatology,2026-09-02 07:30:00,0.0,0.0
W-20260902-0730,U03,6,1,0.16666666666666666,0,하수계 추정,18.2,72,1.0,67.5,0.0,synthetic_climatology,2026-09-02 07:30:00,0.0,0.0
W-20260902-1230,U01,6,0,0.0,0,,26.6,51,5.0,45.0,0.0,synthetic_climatology,2026-09-02 12:30:00,0.16666666666666666,0.0
W-20260902-1230,U02,7,0,0.0,0,,26.6,51,5.0,45.0,0.0,synthetic_climatology,2026-09-02 12:30:00,0.5,1.0
W-20260902-1230,U03,6,0,0.0,0,,26.6,51,5.0,45.0,0.0,synthetic_climatology,2026-09-02 12:30:00,0.16666666666666666,0.0
W-20260902-1830,U01,7,0,0.0,0,,23.5,53,2.2,67.5,0.0,synthetic_climatology,2026-09-02 18:30:00,0.0,0.0
W-20260902-1830,U02,6,0,0.0,0,,23.5,53,2.2,67.5,0.0,synthetic_climatology,2026-09-02 18:30:00,0.0,0.0
W-20260902-1830,U03,6,0,0.0,0,,23.5,53,2.2,67.5,0.0,synthetic_climatology,2026-09-02 18:30:00,0.0,0.0
W-20260902-2200,U01,7,2,0.2857142857142857,0,축산계 추정,20.5,67,0.9,45.0,0.0,synthetic_climatology,2026-09-02 22:00:00,0.0,0.0
W-20260902-2200,U02,5,0,0.0,0,,20.5,67,0.9,45.0,0.0,synthetic_climatology,2026-09-02 22:00:00,0.0,0.0
W-20260902-2200,U03,6,0,0.0,0,,20.5,67,0.9,45.0,0.0,synthetic_climatology,2026-09-02 22:00:00,0.0,0.0
W-20260903-0730,U01,6,0,0.0,0,,20.9,90,1.3,337.5,0.0,synthetic_climatology,2026-09-03 07:30:00,0.2857142857142857,0.0
W-20260903-0730,U02,7,0,0.0,0,,20.9,90,1.3,337.5,0.0,synthetic_climatology,2026-09-03 07:30:00,0.0,0.0
W-20260903-0730,U03,6,0,0.0,0,,20.9,90,1.3,337.5,0.0,synthetic_climatology,2026-09-03 07:30:00,0.0,0.0
W-20260903-1230,U01,7,0,0.0,0,,26.3,64,3.1,90.0,0.0,synthetic_climatology,2026-09-03 12:30:00,0.0,0.0
W-20260903-1230,U02,7,0,0.0,0,,26.3,64,3.1,90.0,0.0,synthetic_climatology,2026-09-03 12:30:00,0.0,0.0
W-20260903-1230,U03,6,0,0.0,0,,26.3,64,3.1,90.0,0.0,synthetic_climatology,2026-09-03 12:30:00,0.0,0.0
W-20260903-1830,U01,7,0,0.0,0,,23.0,75,1.7,270.0,0.0,synthetic_climatology,2026-09-03 18:30:00,0.0,0.0
W-20260903-1830,U02,7,0,0.0,0,,23.0,75,1.7,270.0,0.0,synthetic_climatology,2026-09-03 18:30:00,0.0,0.0
W-20260903-1830,U03,5,0,0.0,0,,23.0,75,1.7,270.0,0.0,synthetic_climatology,2026-09-03 18:30:00,0.0,0.0
W-20260903-2200,U01,6,1,0.16666666666666666,0,하수계 추정,21.3,80,1.5,337.5,0.0,synthetic_climatology,2026-09-03 22:00:00,0.0,0.0
W-20260903-2200,U02,7,1,0.14285714285714285,0,구분 어려움,21.3,80,1.5,337.5,0.0,synthetic_climatology,2026-09-03 22:00:00,0.0,0.0
W-20260903-2200,U03,6,1,0.16666666666666666,0,축산계 추정,21.3,80,1.5,337.5,0.0,synthetic_climatology,2026-09-03 22:00:00,0.0,0.0
W-20260904-0730,U01,6,0,0.0,0,,18.2,100,2.3,67.5,0.0,synthetic_climatology,2026-09-04 07:30:00,0.16666666666666666,0.0
W-20260904-0730,U02,7,1,0.14285714285714285,0,축산계 추정,18.2,100,2.3,67.5,0.0,synthetic_climatology,2026-09-04 07:30:00,0.14285714285714285,0.0
W-20260904-0730,U03,5,0,0.0,0,,18.2,100,2.3,67.5,0.0,synthetic_climatology,2026-09-04 07:30:00,0.16666666666666666,0.0
W-20260904-1230,U01,7,0,0.0,0,,27.3,61,2.6,292.5,0.0,synthetic_climatology,2026-09-04 12:30:00,0.0,0.0
W-20260904-1230,U02,6,0,0.0,0,,27.3,61,2.6,292.5,0.0,synthetic_climatology,2026-09-04 12:30:00,0.14285714285714285,0.0
W-20260904-1230,U03,6,0,0.0,0,,27.3,61,2.6,292.5,0.0,synthetic_climatology,2026-09-04 12:30:00,0.0,0.0
W-20260904-1830,U01,6,2,0.3333333333333333,0,구분 어려움,22.5,79,2.0,45.0,0.0,synthetic_climatology,2026-09-04 18:30:00,0.0,0.0
W-20260904-1830,U02,7,2,0.2857142857142857,0,구분 어려움,22.5,79,2.0,45.0,0.0,synthetic_climatology,2026-09-04 18:30:00,0.0,0.0
W-20260904-1830,U03,6,1,0.16666666666666666,0,축산계 추정,22.5,79,2.0,45.0,0.0,synthetic_climatology,2026-09-04 18:30:00,0.0,0.0
W-20260904-2200,U01,7,0,0.0,0,,19.5,88,0.8,270.0,0.0,synthetic_climatology,2026-09-04 22:00:00,0.3333333333333333,0.0
W-20260904-2200,U02,6,1,0.16666666666666666,0,기타,19.5,88,0.8,270.0,0.0,synthetic_climatology,2026-09-04 22:00:00,0.2857142857142857,0.0
W-20260904-2200,U03,6,0,0.0,0,,19.5,88,0.8,270.0,0.0,synthetic_climatology,2026-09-04 22:00:00,0.16666666666666666,0.0
W-20260905-0730,U01,5,2,0.4,0,구분 어려움,16.7,82,1.1,337.5,0.0,synthetic_climatology,2026-09-05 07:30:00,0.0,0.0
W-20260905-0730,U02,6,1,0.16666666666666666,0,구분 어려움,16.7,82,1.1,337.5,0.0,synthetic_climatology,2026-09-05 07:30:00,0.16666666666666666,0.0
W-20260905-0730,U03,5,0,0.0,0,,16.7,82,1.1,337.5,0.0,synthetic_climatology,2026-09-05 07:30:00,0.0,0.0
W-20260905-1230,U01,7,1,0.14285714285714285,0,축산계 추정,24.4,63,1.3,292.5,0.0,synthetic_climatology,2026-09-05 12:30:00,0.4,0.0
W-20260905-1230,U02,6,1,0.16666666666666666,0,하수계 추정,24.4,63,1.3,292.5,0.0,synthetic_climatology,2026-09-05 12:30:00,0.16666666666666666,0.0
W-20260905-1230,U03,5,2,0.4,0,축산계 추정,24.4,63,1.3,292.5,0.0,synthetic_climatology,2026-09-05 12:30:00,0.0,0.0
W-20260905-1830,U01,7,0,0.0,0,,20.8,68,1.4,135.0,0.0,synthetic_climatology,2026-09-05 18:30:00,0.14285714285714285,0.0
W-20260905-1830,U02,7,1,0.14285714285714285,0,하수계 추정,20.8,68,1.4,135.0,0.0,synthetic_climatology,2026-09-05 18:30:00,0.16666666666666666,0.0
W-20260905-1830,U03,6,1,0.16666666666666666,0,구분 어려움,20.8,68,1.4,135.0,0.0,synthetic_climatology,2026-09-05 18:30:00,0.4,0.0
W-20260905-2200,U01,7,2,0.2857142857142857,0,축산계 추정,19.8,79,0.6,67.5,0.0,synthetic_climatology,2026-09-05 22:00:00,0.0,0.0
W-20260905-2200,U02,6,2,0.3333333333333333,0,구분 어려움,19.8,79,0.6,67.5,0.0,synthetic_climatology,2026-09-05 22:00:00,0.14285714285714285,0.0
W-20260905-2200,U03,6,0,0.0,0,,19.8,79,0.6,67.5,0.0,synthetic_climatology,2026-09-05 22:00:00,0.16666666666666666,0.0
W-20260906-0730,U01,5,0,0.0,0,,17.9,86,3.5,337.5,0.0,synthetic_climatology,2026-09-06 07:30:00,0.2857142857142857,0.0
W-20260906-0730,U02,6,0,0.0,0,,17.9,86,3.5,337.5,0.0,synthetic_climatology,2026-09-06 07:30:00,0.3333333333333333,0.0
W-20260906-0730,U03,6,0,0.0,0,,17.9,86,3.5,337.5,0.0,synthetic_climatology,2026-09-06 07:30:00,0.0,0.0
W-20260906-1230,U01,7,0,0.0,0,,24.0,61,2.6,292.5,0.0,synthetic_climatology,2026-09-06 12:30:00,0.0,0.0
W-20260906-1230,U02,6,0,0.0,0,,24.0,61,2.6,292.5,0.0,synthetic_climatology,2026-09-06 12:30:00,0.0,0.0
W-20260906-1230,U03,6,0,0.0,0,,24.0,61,2.6,292.5,0.0,synthetic_climatology,2026-09-06 12:30:00,0.0,0.0
W-20260906-1830,U01,7,4,0.5714285714285714,1,축산계 추정,21.1,66,2.7,45.0,0.0,synthetic_climatology,2026-09-06 18:30:00,0.0,0.0
W-20260906-1830,U02,7,2,0.2857142857142857,0,축산계 추정,21.1,66,2.7,45.0,0.0,synthetic_climatology,2026-09-06 18:30:00,0.0,0.0
W-20260906-1830,U03,5,2,0.4,0,하수계 추정,21.1,66,2.7,45.0,0.0,synthetic_climatology,2026-09-06 18:30:00,0.0,0.0
W-20260906-2200,U01,7,5,0.7142857142857143,1,축산계 추정,17.9,78,0.8,67.5,0.0,synthetic_climatology,2026-09-06 22:00:00,0.5714285714285714,1.0
W-20260906-2200,U02,6,4,0.6666666666666666,1,축산계 추정,17.9,78,0.8,67.5,0.0,synthetic_climatology,2026-09-06 22:00:00,0.2857142857142857,0.0
W-20260906-2200,U03,6,3,0.5,1,축산계 추정,17.9,78,0.8,67.5,0.0,synthetic_climatology,2026-09-06 22:00:00,0.4,0.0
W-20260907-0730,U01,5,2,0.4,0,축산계 추정,18.1,70,1.2,45.0,0.0,synthetic_climatology,2026-09-07 07:30:00,0.7142857142857143,1.0
W-20260907-0730,U02,5,2,0.4,0,구분 어려움,18.1,70,1.2,45.0,0.0,synthetic_climatology,2026-09-07 07:30:00,0.6666666666666666,1.0
W-20260907-0730,U03,6,2,0.3333333333333333,0,하수계 추정,18.1,70,1.2,45.0,0.0,synthetic_climatology,2026-09-07 07:30:00,0.5,1.0
W-20260907-1230,U01,6,0,0.0,0,,26.0,50,5.6,225.0,0.0,synthetic_climatology,2026-09-07 12:30:00,0.4,0.0
W-20260907-1230,U02,7,0,0.0,0,,26.0,50,5.6,225.0,0.0,synthetic_climatology,2026-09-07 12:30:00,0.4,0.0
W-20260907-1230,U03,5,0,0.0,0,,26.0,50,5.6,225.0,0.0,synthetic_climatology,2026-09-07 12:30:00,0.3333333333333333,0.0
W-20260907-1830,U01,7,2,0.2857142857142857,0,축산계 추정,22.5,65,2.3,270.0,0.0,synthetic_climatology,2026-09-07 18:30:00,0.0,0.0
W-20260907-1830,U02,5,0,0.0,0,,22.5,65,2.3,270.0,0.0,synthetic_climatology,2026-09-07 18:30:00,0.0,0.0
W-20260907-1830,U03,6,1,0.16666666666666666,0,축산계 추정,22.5,65,2.3,270.0,0.0,synthetic_climatology,2026-09-07 18:30:00,0.0,0.0
W-20260907-2200,U01,6,1,0.16666666666666666,0,구분 어려움,19.7,64,0.8,22.5,0.0,synthetic_climatology,2026-09-07 22:00:00,0.2857142857142857,0.0
W-20260907-2200,U02,7,2,0.2857142857142857,0,축산계 추정,19.7,64,0.8,22.5,0.0,synthetic_climatology,2026-09-07 22:00:00,0.0,0.0
W-20260907-2200,U03,6,2,0.3333333333333333,0,하수계 추정,19.7,64,0.8,22.5,0.0,synthetic_climatology,2026-09-07 22:00:00,0.16666666666666666,0.0
W-20260908-0730,U01,7,0,0.0,0,,17.4,69,2.1,292.5,0.0,synthetic_climatology,2026-09-08 07:30:00,0.16666666666666666,0.0
W-20260908-0730,U02,7,0,0.0,0,,17.4,69,2.1,292.5,0.0,synthetic_climatology,2026-09-08 07:30:00,0.2857142857142857,0.0
W-20260908-0730,U03,6,1,0.16666666666666666,0,축산계 추정,17.4,69,2.1,292.5,0.0,synthetic_climatology,2026-09-08 07:30:00,0.3333333333333333,0.0
W-20260908-1230,U01,6,0,0.0,0,,25.5,50,6.4,67.5,0.0,synthetic_climatology,2026-09-08 12:30:00,0.0,0.0
W-20260908-1230,U02,7,0,0.0,0,,25.5,50,6.4,67.5,0.0,synthetic_climatology,2026-09-08 12:30:00,0.0,0.0
W-20260908-1230,U03,5,1,0.2,0,축산계 추정,25.5,50,6.4,67.5,0.0,synthetic_climatology,2026-09-08 12:30:00,0.16666666666666666,0.0
W-20260908-1830,U01,7,2,0.2857142857142857,0,하수계 추정,21.8,61,1.3,45.0,0.0,synthetic_climatology,2026-09-08 18:30:00,0.0,0.0
W-20260908-1830,U02,7,4,0.5714285714285714,1,축산계 추정,21.8,61,1.3,45.0,0.0,synthetic_climatology,2026-09-08 18:30:00,0.0,0.0
W-20260908-1830,U03,5,1,0.2,0,구분 어려움,21.8,61,1.3,45.0,0.0,synthetic_climatology,2026-09-08 18:30:00,0.2,0.0
W-20260908-2200,U01,7,0,0.0,0,,18.7,69,4.2,292.5,0.0,synthetic_climatology,2026-09-08 22:00:00,0.2857142857142857,0.0
W-20260908-2200,U02,7,0,0.0,0,,18.7,69,4.2,292.5,0.0,synthetic_climatology,2026-09-08 22:00:00,0.5714285714285714,1.0
W-20260908-2200,U03,5,1,0.2,0,구분 어려움,18.7,69,4.2,292.5,0.0,synthetic_climatology,2026-09-08 22:00:00,0.2,0.0
W-20260909-0730,U01,7,0,0.0,0,,19.5,72,2.8,45.0,0.0,observed_public_reference,2026-09-09 07:30:00,0.0,0.0
W-20260909-0730,U02,7,0,0.0,0,,19.5,72,2.8,45.0,0.0,observed_public_reference,2026-09-09 07:30:00,0.0,0.0
W-20260909-0730,U03,5,0,0.0,0,,19.5,72,2.8,45.0,0.0,observed_public_reference,2026-09-09 07:30:00,0.2,0.0
W-20260909-1230,U01,6,0,0.0,0,,24.9,49,4.3,90.0,0.0,observed_public_reference,2026-09-09 12:30:00,0.0,0.0
W-20260909-1230,U02,7,0,0.0,0,,24.9,49,4.3,90.0,0.0,observed_public_reference,2026-09-09 12:30:00,0.0,0.0
W-20260909-1230,U03,6,0,0.0,0,,24.9,49,4.3,90.0,0.0,observed_public_reference,2026-09-09 12:30:00,0.0,0.0
W-20260909-1830,U01,7,1,0.14285714285714285,0,구분 어려움,22.1,57,3.1,67.5,0.0,observed_public_reference,2026-09-09 18:30:00,0.0,0.0
W-20260909-1830,U02,7,0,0.0,0,,22.1,57,3.1,67.5,0.0,observed_public_reference,2026-09-09 18:30:00,0.0,0.0
W-20260909-1830,U03,6,0,0.0,0,,22.1,57,3.1,67.5,0.0,observed_public_reference,2026-09-09 18:30:00,0.0,0.0
W-20260909-2200,U01,7,0,0.0,0,,18.7,64,2.8,67.5,0.0,observed_public_reference,2026-09-09 22:00:00,0.14285714285714285,0.0
W-20260909-2200,U02,7,1,0.14285714285714285,0,구분 어려움,18.7,64,2.8,67.5,0.0,observed_public_reference,2026-09-09 22:00:00,0.0,0.0
W-20260909-2200,U03,5,0,0.0,0,,18.7,64,2.8,67.5,0.0,observed_public_reference,2026-09-09 22:00:00,0.0,0.0
W-20260910-0730,U01,7,1,0.14285714285714285,0,구분 어려움,16.1,76,2.3,45.0,0.0,observed_public_reference,2026-09-10 07:30:00,0.0,0.0
W-20260910-0730,U02,7,0,0.0,0,,16.1,76,2.3,45.0,0.0,observed_public_reference,2026-09-10 07:30:00,0.14285714285714285,0.0
W-20260910-0730,U03,6,0,0.0,0,,16.1,76,2.3,45.0,0.0,observed_public_reference,2026-09-10 07:30:00,0.0,0.0
W-20260910-1230,U01,7,2,0.2857142857142857,0,축산계 추정,21.4,51,2.4,67.5,0.0,observed_public_reference,2026-09-10 12:30:00,0.14285714285714285,0.0
W-20260910-1230,U02,7,2,0.2857142857142857,0,축산계 추정,21.4,51,2.4,67.5,0.0,observed_public_reference,2026-09-10 12:30:00,0.0,0.0
W-20260910-1230,U03,6,1,0.16666666666666666,0,하수계 추정,21.4,51,2.4,67.5,0.0,observed_public_reference,2026-09-10 12:30:00,0.0,0.0
W-20260910-1830,U01,6,0,0.0,0,,20.7,64,2.2,22.5,0.0,observed_public_reference,2026-09-10 18:30:00,0.2857142857142857,0.0
W-20260910-1830,U02,7,0,0.0,0,,20.7,64,2.2,22.5,0.0,observed_public_reference,2026-09-10 18:30:00,0.2857142857142857,0.0
W-20260910-1830,U03,6,0,0.0,0,,20.7,64,2.2,22.5,0.0,observed_public_reference,2026-09-10 18:30:00,0.16666666666666666,0.0
W-20260910-2200,U01,7,1,0.14285714285714285,0,하수계 추정,16.1,86,0.6,292.5,0.0,observed_public_reference,2026-09-10 22:00:00,0.0,0.0
W-20260910-2200,U02,7,3,0.42857142857142855,0,축산계 추정,16.1,86,0.6,292.5,0.0,observed_public_reference,2026-09-10 22:00:00,0.0,0.0
W-20260910-2200,U03,6,3,0.5,1,기타,16.1,86,0.6,292.5,0.0,observed_public_reference,2026-09-10 22:00:00,0.0,0.0
W-20260911-0730,U01,7,1,0.14285714285714285,0,축산계 추정,15.2,89,1.2,337.5,0.0,observed_public_reference,2026-09-11 07:30:00,0.14285714285714285,0.0
W-20260911-0730,U02,7,1,0.14285714285714285,0,축산계 추정,15.2,89,1.2,337.5,0.0,observed_public_reference,2026-09-11 07:30:00,0.42857142857142855,0.0
W-20260911-0730,U03,6,0,0.0,0,,15.2,89,1.2,337.5,0.0,observed_public_reference,2026-09-11 07:30:00,0.5,1.0
W-20260911-1230,U01,6,0,0.0,0,,23.9,55,3.0,67.5,0.0,observed_public_reference,2026-09-11 12:30:00,0.14285714285714285,0.0
W-20260911-1230,U02,7,0,0.0,0,,23.9,55,3.0,67.5,0.0,observed_public_reference,2026-09-11 12:30:00,0.14285714285714285,0.0
W-20260911-1230,U03,6,0,0.0,0,,23.9,55,3.0,67.5,0.0,observed_public_reference,2026-09-11 12:30:00,0.0,0.0
W-20260911-1830,U01,7,3,0.42857142857142855,0,하수계 추정,23.0,64,3.0,270.0,0.0,observed_public_reference,2026-09-11 18:30:00,0.0,0.0
W-20260911-1830,U02,5,2,0.4,0,구분 어려움,23.0,64,3.0,270.0,0.0,observed_public_reference,2026-09-11 18:30:00,0.0,0.0
W-20260911-1830,U03,6,4,0.6666666666666666,1,하수계 추정,23.0,64,3.0,270.0,0.0,observed_public_reference,2026-09-11 18:30:00,0.0,0.0
W-20260911-2200,U01,7,3,0.42857142857142855,0,축산계 추정,18.6,86,0.2,112.5,0.0,observed_public_reference,2026-09-11 22:00:00,0.42857142857142855,0.0
W-20260911-2200,U02,7,5,0.7142857142857143,1,축산계 추정,18.6,86,0.2,112.5,0.0,observed_public_reference,2026-09-11 22:00:00,0.4,0.0
W-20260911-2200,U03,6,2,0.3333333333333333,0,축산계 추정,18.6,86,0.2,112.5,0.0,observed_public_reference,2026-09-11 22:00:00,0.6666666666666666,1.0
W-20260912-0730,U01,7,1,0.14285714285714285,0,구분 어려움,17.7,95,1.3,0.0,0.0,observed_public_reference,2026-09-12 07:30:00,0.42857142857142855,0.0
W-20260912-0730,U02,6,0,0.0,0,,17.7,95,1.3,0.0,0.0,observed_public_reference,2026-09-12 07:30:00,0.7142857142857143,1.0
W-20260912-0730,U03,5,0,0.0,0,,17.7,95,1.3,0.0,0.0,observed_public_reference,2026-09-12 07:30:00,0.3333333333333333,0.0
W-20260912-1230,U01,7,3,0.42857142857142855,0,축산계 추정,23.4,65,1.3,45.0,0.0,observed_public_reference,2026-09-12 12:30:00,0.14285714285714285,0.0
W-20260912-1230,U02,7,2,0.2857142857142857,0,하수계 추정,23.4,65,1.3,45.0,0.0,observed_public_reference,2026-09-12 12:30:00,0.0,0.0
W-20260912-1230,U03,6,0,0.0,0,,23.4,65,1.3,45.0,0.0,observed_public_reference,2026-09-12 12:30:00,0.0,0.0
W-20260912-1830,U01,7,0,0.0,0,,21.9,77,1.2,315.0,0.0,observed_public_reference,2026-09-12 18:30:00,0.42857142857142855,0.0
W-20260912-1830,U02,6,0,0.0,0,,21.9,77,1.2,315.0,0.0,observed_public_reference,2026-09-12 18:30:00,0.2857142857142857,0.0
W-20260912-1830,U03,6,0,0.0,0,,21.9,77,1.2,315.0,0.0,observed_public_reference,2026-09-12 18:30:00,0.0,0.0
W-20260912-2200,U01,7,0,0.0,0,,20.6,86,0.3,270.0,0.0,observed_public_reference,2026-09-12 22:00:00,0.0,0.0
W-20260912-2200,U02,7,0,0.0,0,,20.6,86,0.3,270.0,0.0,observed_public_reference,2026-09-12 22:00:00,0.0,0.0
W-20260912-2200,U03,6,0,0.0,0,,20.6,86,0.3,270.0,0.0,observed_public_reference,2026-09-12 22:00:00,0.0,0.0
W-20260913-0730,U01,7,1,0.14285714285714285,0,구분 어려움,18.4,97,0.3,270.0,0.0,observed_public_reference,2026-09-13 07:30:00,0.0,0.0
W-20260913-0730,U02,6,1,0.16666666666666666,0,하수계 추정,18.4,97,0.3,270.0,0.0,observed_public_reference,2026-09-13 07:30:00,0.0,0.0
W-20260913-0730,U03,6,1,0.16666666666666666,0,구분 어려움,18.4,97,0.3,270.0,0.0,observed_public_reference,2026-09-13 07:30:00,0.0,0.0
W-20260913-1230,U01,6,0,0.0,0,,23.6,71,0.7,202.5,0.0,observed_public_reference,2026-09-13 12:30:00,0.14285714285714285,0.0
W-20260913-1230,U02,6,0,0.0,0,,23.6,71,0.7,202.5,0.0,observed_public_reference,2026-09-13 12:30:00,0.16666666666666666,0.0
W-20260913-1230,U03,6,0,0.0,0,,23.6,71,0.7,202.5,0.0,observed_public_reference,2026-09-13 12:30:00,0.16666666666666666,0.0
W-20260913-1830,U01,7,0,0.0,0,,22.7,79,1.7,225.0,0.0,observed_public_reference,2026-09-13 18:30:00,0.0,0.0
W-20260913-1830,U02,7,5,0.7142857142857143,1,축산계 추정,22.7,79,1.7,225.0,0.0,observed_public_reference,2026-09-13 18:30:00,0.0,0.0
W-20260913-1830,U03,6,1,0.16666666666666666,0,하수계 추정,22.7,79,1.7,225.0,0.0,observed_public_reference,2026-09-13 18:30:00,0.0,0.0
W-20260913-2200,U01,7,0,0.0,0,,20.3,90,0.2,292.5,0.0,observed_public_reference,2026-09-13 22:00:00,0.0,0.0
W-20260913-2200,U02,7,0,0.0,0,,20.3,90,0.2,292.5,0.0,observed_public_reference,2026-09-13 22:00:00,0.7142857142857143,1.0
W-20260913-2200,U03,6,0,0.0,0,,20.3,90,0.2,292.5,0.0,observed_public_reference,2026-09-13 22:00:00,0.16666666666666666,0.0
W-20260914-0730,U01,6,0,0.0,0,,19.4,96,0.7,337.5,0.0,observed_public_reference,2026-09-14 07:30:00,0.0,0.0
W-20260914-0730,U02,6,0,0.0,0,,19.4,96,0.7,337.5,0.0,observed_public_reference,2026-09-14 07:30:00,0.0,0.0
W-20260914-0730,U03,6,0,0.0,0,,19.4,96,0.7,337.5,0.0,observed_public_reference,2026-09-14 07:30:00,0.0,0.0
W-20260914-1230,U01,7,0,0.0,0,,25.1,47,3.0,292.5,0.0,observed_public_reference,2026-09-14 12:30:00,0.0,0.0
W-20260914-1230,U02,6,0,0.0,0,,25.1,47,3.0,292.5,0.0,observed_public_reference,2026-09-14 12:30:00,0.0,0.0
W-20260914-1230,U03,6,0,0.0,0,,25.1,47,3.0,292.5,0.0,observed_public_reference,2026-09-14 12:30:00,0.0,0.0
W-20260914-1830,U01,7,0,0.0,0,,24.7,37,1.0,292.5,0.0,observed_public_reference,2026-09-14 18:30:00,0.0,0.0
W-20260914-1830,U02,7,1,0.14285714285714285,0,하수계 추정,24.7,37,1.0,292.5,0.0,observed_public_reference,2026-09-14 18:30:00,0.0,0.0
W-20260914-1830,U03,6,0,0.0,0,,24.7,37,1.0,292.5,0.0,observed_public_reference,2026-09-14 18:30:00,0.0,0.0
W-20260914-2200,U01,7,1,0.14285714285714285,0,하수계 추정,18.3,65,0.7,292.5,0.0,observed_public_reference,2026-09-14 22:00:00,0.0,0.0
W-20260914-2200,U02,7,1,0.14285714285714285,0,하수계 추정,18.3,65,0.7,292.5,0.0,observed_public_reference,2026-09-14 22:00:00,0.14285714285714285,0.0
W-20260914-2200,U03,6,2,0.3333333333333333,0,하수계 추정,18.3,65,0.7,292.5,0.0,observed_public_reference,2026-09-14 22:00:00,0.0,0.0
W-20260915-0730,U01,7,0,0.0,0,,15.3,80,1.0,337.5,0.0,observed_public_reference,2026-09-15 07:30:00,0.14285714285714285,0.0
W-20260915-0730,U02,7,0,0.0,0,,15.3,80,1.0,337.5,0.0,observed_public_reference,2026-09-15 07:30:00,0.14285714285714285,0.0
W-20260915-0730,U03,6,0,0.0,0,,15.3,80,1.0,337.5,0.0,observed_public_reference,2026-09-15 07:30:00,0.3333333333333333,0.0
W-20260915-1230,U01,6,0,0.0,0,,25.4,32,2.5,315.0,0.0,observed_public_reference,2026-09-15 12:30:00,0.0,0.0
W-20260915-1230,U02,7,1,0.14285714285714285,0,구분 어려움,25.4,32,2.5,315.0,0.0,observed_public_reference,2026-09-15 12:30:00,0.0,0.0
W-20260915-1230,U03,6,0,0.0,0,,25.4,32,2.5,315.0,0.0,observed_public_reference,2026-09-15 12:30:00,0.0,0.0
W-20260915-1830,U01,7,0,0.0,0,,22.6,55,2.6,270.0,0.0,observed_public_reference,2026-09-15 18:30:00,0.0,0.0
W-20260915-1830,U02,7,1,0.14285714285714285,0,하수계 추정,22.6,55,2.6,270.0,0.0,observed_public_reference,2026-09-15 18:30:00,0.14285714285714285,0.0
W-20260915-1830,U03,6,2,0.3333333333333333,0,하수계 추정,22.6,55,2.6,270.0,0.0,observed_public_reference,2026-09-15 18:30:00,0.0,0.0
W-20260915-2200,U01,6,5,0.8333333333333334,1,축산계 추정,17.3,78,0.5,67.5,0.0,observed_public_reference,2026-09-15 22:00:00,0.0,0.0
W-20260915-2200,U02,7,3,0.42857142857142855,0,축산계 추정,17.3,78,0.5,67.5,0.0,observed_public_reference,2026-09-15 22:00:00,0.14285714285714285,0.0
W-20260915-2200,U03,6,3,0.5,1,구분 어려움,17.3,78,0.5,67.5,0.0,observed_public_reference,2026-09-15 22:00:00,0.3333333333333333,0.0
W-20260916-0730,U01,6,1,0.16666666666666666,0,하수계 추정,15.0,88,0.8,45.0,0.0,observed_public_reference,2026-09-16 07:30:00,0.8333333333333334,1.0
W-20260916-0730,U02,6,3,0.5,1,축산계 추정,15.0,88,0.8,45.0,0.0,observed_public_reference,2026-09-16 07:30:00,0.42857142857142855,0.0
W-20260916-0730,U03,6,3,0.5,1,하수계 추정,15.0,88,0.8,45.0,0.0,observed_public_reference,2026-09-16 07:30:00,0.5,1.0
W-20260916-1230,U01,7,2,0.2857142857142857,0,구분 어려움,26.3,32,1.8,67.5,0.0,observed_public_reference,2026-09-16 12:30:00,0.16666666666666666,0.0
W-20260916-1230,U02,7,0,0.0,0,,26.3,32,1.8,67.5,0.0,observed_public_reference,2026-09-16 12:30:00,0.5,1.0
W-20260916-1230,U03,6,0,0.0,0,,26.3,32,1.8,67.5,0.0,observed_public_reference,2026-09-16 12:30:00,0.5,1.0
W-20260916-1830,U01,7,1,0.14285714285714285,0,구분 어려움,22.9,55,2.2,270.0,0.0,estimated_from_adjacent_actuals,2026-09-16 18:30:00,0.2857142857142857,0.0
W-20260916-1830,U02,6,0,0.0,0,,22.9,55,2.2,270.0,0.0,estimated_from_adjacent_actuals,2026-09-16 18:30:00,0.0,0.0
W-20260916-1830,U03,6,1,0.16666666666666666,0,하수계 추정,22.9,55,2.2,270.0,0.0,estimated_from_adjacent_actuals,2026-09-16 18:30:00,0.0,0.0
W-20260916-2200,U01,7,0,0.0,0,,17.6,78,1.1,67.5,0.0,estimated_from_adjacent_actuals,2026-09-16 22:00:00,0.14285714285714285,0.0
W-20260916-2200,U02,7,0,0.0,0,,17.6,78,1.1,67.5,0.0,estimated_from_adjacent_actuals,2026-09-16 22:00:00,0.0,0.0
W-20260916-2200,U03,6,0,0.0,0,,17.6,78,1.1,67.5,0.0,estimated_from_adjacent_actuals,2026-09-16 22:00:00,0.16666666666666666,0.0
